0.000	0.2	0	-4176.81658254102
0.001	0.19791522372053	-4.16229359183563	-4133.27794186613
0.002	0.191704357803475	-8.23781267418677	-4003.56970309466
0.003	0.181496884908223	-12.1415917919593	-3790.39599282103
0.004	0.167505608008428	-15.792245884103	-3498.20100599109
0.005	0.150022213926092	-19.1136669800594	-3133.07635438008
0.006	0.129411192313889	-22.0366108806787	-2702.63407011528
0.007	0.106102236861347	-24.5001407448585	-2215.84791183584
0.008	0.0805812871427326	-26.4528974863528	-1682.86628190132
0.009	0.0533803978640751	-27.8541704958191	-1114.80065490653
0.010	0.0250666467128608	-28.6747463659456	-523.493928294871
0.011	-0.0037696879430817	-28.8975179256366	78.7264755583429
0.012	-0.0325274330389768	-28.5178408862585	679.305608523454
0.013	-0.0606070539265549	-27.5436306646667	1265.72273929696
0.014	-0.0874231533301867	-25.9951973644731	1825.75238263775
0.015	-0.112416675570426	-23.9048223558237	2347.71917338345
0.016	-0.135066561624205	-21.3160852810506	2820.74127169389
0.017	-0.154900612039747	-18.2829555166267	3234.95722506684
0.018	-0.171505331238731	-14.8686670324061	3581.7315575606
0.019	-0.184534547974023	-11.1444001048205	3853.83480014805
0.020	-0.193716632225726	-7.18779736736044	4045.59420897206
0.021	-0.1988601580794	-3.08134513536929	4153.01202936383
0.022	-0.199857894528118	1.08934624909262	4173.84884008388
0.023	-0.196689040999066	5.23732720135217	4107.67024024494
0.024	-0.189419660998949	9.2761215984397	3955.85590559853
0.025	-0.178201304837673	13.1215296127882	3721.5708253822
0.026	-0.163267850143437	16.6933830902657	3409.69931937464
0.027	-0.144930626037409	19.9172168768363	3026.7432107555
0.028	-0.123571922618067	22.725821250428	2580.68627763808
0.029	-0.0996370210678978	25.0606430932761	2080.82780915692
0.030	-0.0736249105369351	26.873006593433	1537.58873609385
0.031	-0.0460778853353176	28.1251280265497	962.29437778489
0.032	-0.0175702393101481	28.7909034619983	366.938334549203
0.033	0.0113037068964054	28.8564529714262	-236.067552045447
0.034	0.0399419961028821	28.3204099942093	-834.151958311532
0.035	0.0677475840490589	27.1939498271847	-1414.846162416
0.036	0.0941407864330671	25.5005566447119	-1966.04398933543
0.037	0.118571364032212	23.2755339061775	-2476.25419752126
0.038	0.14052999395977	20.565268357847	-2934.84004557779
0.039	0.159558887907715	17.4262629729829	-3332.24104452373
0.040	0.175261336008773	13.92395899126	-3660.17227259868
0.041	0.187309977349639	10.1313716153243	-3911.79709734677
0.042	0.195453624713639	6.12756780716724	-4081.86970410838
0.043	0.199522501272245	1.996017918858	-4166.84445951987
0.044	0.199431780052123	-2.17714447755757	-4164.94983003689
0.045	0.195183352387749	-6.30491828233522	-4076.22531444549
0.046	0.186865788491322	-10.3012486463228	-3902.52062040078
0.047	0.174652490961984	-14.0828210220427	-3647.45710216054
0.048	0.158798079729567	-17.5707980856148	-3316.35226345062
0.049	0.139633083798694	-20.6924633185844	-2916.10889940862
0.050	0.117557050458494	-23.3827369846503	-2455.07118874824
0.051	0.0930302156154908	-25.5855328965693	-1942.85073630074
0.052	0.0665639089045964	-27.2549276876847	-1390.12619255734
0.053	0.0387098936101711	-28.3561182113806	-808.420627696806
0.054	0.0100488636359528	-28.8661471088273	-209.861301351706
0.055	-0.0188216626637039	-28.7743814185522	393.073163623759
0.056	-0.0472997994047461	-28.082734249899	987.812932523037
0.057	-0.0747918411475612	-26.8056248989773	1561.95901171954
0.058	-0.100724640327153	-24.9696782385982	2103.54173994466
0.059	-0.124557556097623	-22.6131696492408	2601.27032894668
0.060	-0.145793725484283	-19.7852270629997	3044.76825116593
0.061	-0.163990421865091	-16.54480675611	3424.78956712005
0.062	-0.178768284830253	-12.9594642424848	3733.41168255709
0.063	-0.189819228998059	-9.10394589238594	3964.20051682122
0.064	-0.196912866905841	-5.05863063782682	4112.34463904005
0.065	-0.199901312073146	-0.907854251664298	4174.75557569412
0.066	-0.198722262104002	3.26184886458908	4150.13219838028
0.067	-0.193400297552487	7.36354972944135	4038.98784942797
0.068	-0.184046369473174	11.3117370562073	3843.63963986011
0.069	-0.170855486339858	15.0240999720294	3568.16014281215
0.070	-0.154102648555157	18.4232440154308	3218.29248949335
0.071	-0.134137115307343	21.4383046376897	2801.33063774964
0.072	-0.111375123297637	24.0064245701415	2325.96730936059
0.073	-0.0862912091361907	26.0740642576063	1802.11276623778
0.074	-0.0594083163154059	27.5981180383347	1240.68820363515
0.075	-0.031286893008045	28.5468128006198	653.398067660945
0.076	-0.00251320797666903	28.900370381093	52.4860437616278
0.077	0.026312871818458	28.6514198951822	-549.520196728057
0.078	0.0545903871034665	27.8051514035654	-1140.07017050546
0.079	0.0817298149472711	26.3792077110164	-1706.85223179885
0.080	0.107165358995801	24.403316553396	-2238.0502426381
0.081	0.130366745060177	21.9186708408665	-2722.58991289622
0.082	0.150850276147222	18.9770698778716	-3150.36967446303
0.083	0.168188916459635	15.6398394635243	-3512.47127634104
0.084	0.182021194137	11.9765533858944	-3801.34571022669
0.085	0.192058737135389	8.06358296417732	-4010.9705904449
0.086	0.19809228513933	3.98250487754769	-4136.97570721699
0.087	0.199996052171227	-0.181599526097784	-4176.7341357576
0.088	0.197730348947583	-4.34191798589954	-4129.41700177942
0.089	0.191342410311766	-8.41171716945723	-3996.01076166775
0.090	0.180965410493203	-12.30615086877	-3779.29663707177
0.091	0.166815686722633	-15.9440288538549	-3483.79263265531
0.092	0.149188229084835	-19.2495095074028	-3115.65934580734
0.093	0.128450530635316	-22.1536809528261	-2682.57153196889
0.094	0.105034925992258	-24.5959977127154	-2193.55810315215
0.095	0.0794295781269545	-26.5255429465911	-1658.8138953245
0.096	0.0521683012579777	-27.9020899531157	-1089.48712888658
0.097	0.0238194320189722	-28.6969408068214	-497.446993217758
0.098	-0.0050260190886692	-28.893524645653	104.963799368606
0.099	-0.0337666889425488	-28.4877431363693	705.186331563711
0.100	-0.0618033988749914	-27.4880559156222	1290.7073063923
0.101	-0.0885516462077821	-25.9153042254589	1849.31992145985
0.102	-0.113453789825353	-23.8022764200508	2369.37835347329
0.103	-0.135990675744485	-21.1930244018636	2840.04054760262
0.104	-0.155692460313406	-18.1419452380441	3251.49425006821
0.105	-0.17214840540079	-14.7126471032675	3595.16157168006
0.106	-0.185015441366892	-10.9766231915998	3863.8778176369
0.107	-0.194025319298022	-7.01176124334685	4052.04085538396
0.108	-0.19899020339626	-2.90071975991959	4155.72790654355
0.109	-0.199806586935625	1.27079524099637	4172.77732806821
0.110	-0.196457450145737	5.4158170041674	4102.8336776622
0.111	-0.18901261503596	9.44793109909606	3947.3551239582
0.112	-0.177627289762708	13.2830769675702	3709.58304696348
0.113	-0.162538832886618	16.8413003982406	3394.47446253844
0.114	-0.14406180497758	20.0484203930543	3008.59867970572
0.115	-0.122581410730594	22.8375756751051	2560.00034525408
0.116	-0.0985454683096563	25.1506185966754	2058.03173085021
0.117	-0.0724550733409073	26.9393273876023	1513.15775909764
0.118	-0.044854152189874	28.1664114713038	936.73783331242
0.119	-0.0163181223136289	28.8062888898737	340.789019377488
0.120	0.012558103905865	28.8456196306719	-262.264483196449
0.121	0.0411725217539788	28.2835837357438	-859.850358035247
0.122	0.0689285846349055	27.1318983961089	-1439.51027657078
0.123	0.0952476407335901	25.4145736745421	-1989.15962631984
0.124	0.119580996611506	23.1674119494801	-2497.33944801859
0.125	0.141421356237311	20.4372615155283	-2953.4553292872
0.126	0.160313396974177	17.2810399013275	-3347.99827442611
0.127	0.175863262038112	13.7645472664181	-3672.74294570272
0.128	0.187746771530776	9.96109461512204	-3920.91914324141
0.129	0.195716180865095	5.94997542611431	-4087.35294854463
0.130	0.199605345685654	1.81481256078878	-4168.57458911837
0.131	0.199333185606806	-2.35818508632103	-4162.89077546616
0.132	0.194905374557315	-6.48201985012511	-4070.42000238681
0.133	0.186414222491641	-10.4707190016634	-3893.09007862289
0.134	0.174036750933904	-14.2411270871649	-3634.59793636146
0.135	0.158031002475137	-17.7146395332242	-3300.33255846866
0.136	0.138730661162559	-20.8188413763012	-2897.26263025328
0.137	0.116538095933713	-23.4890169527046	-2433.79125796845
0.138	0.0919159721242953	-25.6694990753974	-1919.58078284567
0.139	0.0653776059309864	-27.3148295703076	-1365.35134289688
0.140	0.0374762629171424	-28.3907069775584	-782.657382019937
0.141	0.00879362366357082	-28.8747016601673	-183.646765693138
0.142	-0.0200723429702455	-28.7567234117973	419.192474842859
0.143	-0.0485198461590842	-28.0392318149855	1013.29249009801
0.144	-0.0759558191043625	-26.7371849643493	1586.26762387793
0.145	-0.101808283150077	-24.8777276237783	2126.17262650636
0.146	-0.125538272258142	-22.4996253188358	2621.75168655678
0.147	-0.146651069244514	-19.6524561622765	3062.67308933928
0.148	-0.164706519525687	-16.3955772613129	3439.74461003752
0.149	-0.179328207357048	-12.7968872547233	3745.10515103137
0.150	-0.190211303259031	-8.93141077813683	3972.3886281953
0.151	-0.1971289190298	-4.87973436822563	4116.85668951027
0.152	-0.19993683785666	-0.726326413704523	4175.49749910256
0.153	-0.198576520913962	3.44222382160092	4147.08852728371
0.154	-0.193076327766654	7.53901139118746	4032.22203755942
0.155	-0.183550925136795	11.4786274395839	3833.29273926055
0.156	-0.170198896358937	15.1789397859113	3554.44786321094
0.157	-0.153298601361868	18.5628051961069	3201.50070124298
0.158	-0.133202373486848	21.55967764677	2781.80941206845
0.159	-0.110329174125683	24.107079051923	2304.12362013105
0.160	-0.085155858313012	26.1519017913285	1778.40200551151
0.161	-0.0582072333656514	27.6515158855581	1215.60468772744
0.162	-0.0300451178241487	28.5746577356918	627.464731761514
0.163	-0.0012566287931087	28.9020818994121	26.2435399057746
0.164	0.0275580581369303	28.6269623154205	-575.524771044799
0.165	0.0557982212078488	27.7550346115443	-1165.29467808617
0.166	0.0828751161986599	26.3044765297279	-1730.77079809288
0.167	0.108224250425378	24.3055289607812	-2260.16421904895
0.168	0.131317151150594	21.7998654894603	-2742.43827248923
0.169	0.151672383057746	18.8397235934589	-3167.53862334554
0.170	0.168865585100405	15.4868156088633	-3526.60288033931
0.171	0.182538317480702	11.811042166009	-3812.14535701266
0.172	0.192405534317218	7.88903491771951	-4018.2131315441
0.173	0.198261526213902	3.80255894078638	-4140.51015185057
0.174	0.199984208840763	-0.363191882957226	-4176.48679866223
0.175	0.197537668119027	-4.52137096847598	-4125.39303938018
0.176	0.190972908949328	-8.58528958453701	-3988.29406457824
0.177	0.180426791873639	-12.4702241198159	-3768.04808116246
0.178	0.166119179839161	-16.0951823806481	-3469.2467251516
0.179	0.148348354547746	-19.3845920970712	-3098.11933633849
0.180	0.127484797949736	-22.2698764355825	-2662.40309049173
0.181	0.103963468524139	-24.6908836726976	-2171.18169655052
0.182	0.0782747333674371	-26.5971412238128	-1634.69602161544
0.183	0.0509541451366732	-27.9489078836769	-1064.13059178029
0.184	0.0225712769746927	-28.7180023416112	-471.380419785113
0.185	-0.00628215181562897	-28.88839069879	131.196979387796
0.186	-0.0350046117950588	-28.4565207391599	731.039215055062
0.187	-0.0629973039310641	-27.4313959851974	1315.64091857322
0.188	-0.0896766432180097	-25.834387994608	1872.81445229799
0.189	-0.114486425118921	-23.6987908111609	2390.94399456274
0.190	-0.13690942118574	-21.0691268583614	2859.22770357346
0.191	-0.15647816211532	-18.0002187465275	3267.90291164405
0.192	-0.172784683438569	-14.5560463440133	3608.44965497657
0.193	-0.185489030666934	-10.8084129400904	3873.76829584554
0.194	-0.194326346582936	-6.83544830700552	4058.32753416109
0.195	-0.199112392920616	-2.71997986902063	4158.27972270126
0.196	-0.199747391321203	1.45219406407986	4171.54108194856
0.197	-0.196218103488666	5.59409299980065	4097.83514223105
0.198	-0.188598107178572	9.6193676116101	3938.69850749653
0.199	-0.177046262266489	13.4440999292176	3697.44882055789
0.200	-0.161803398874987	16.9885528405127	3379.11559766272
0.201	-0.143187296604364	20.1788324319635	2990.33537433163
0.202	-0.121586059538918	22.9484285113988	2539.21334843986
0.203	-0.0974500251450633	25.2396011967173	2035.1544049747
0.204	-0.0712823757426465	27.0045846632539	1488.66704522403
0.205	-0.0436286482793043	28.2065829543617	911.14430803424
0.206	-0.0150653611055827	28.8205370947879	314.62625043883
0.207	0.0138120051428854	28.8336475142462	-288.451060594727
0.208	0.0424014219844147	28.2456408898216	-885.514812339113
0.209	0.0701068640382557	27.0687758441417	-1464.11756132467
0.210	0.0963507348203464	25.3275873805204	-2012.19673468817
0.211	0.120585908337808	23.0583753830279	-2518.32610783064
0.212	0.14230713544186	20.308447845119	-2971.95401563735
0.213	0.161061577142227	17.1351346038065	-3363.62333108931
0.214	0.176458245286993	13.6045921408187	-3685.16862520401
0.215	0.188176153790846	9.79042436796046	-3929.88639796198
0.216	0.19597101047685	5.7721481502195	-4092.67483128514
0.217	0.199680310021795	1.63353555702701	-4170.14015052983
0.218	0.199226721828634	-2.53913259797519	-4160.66737709563
0.219	0.194619702196424	-6.65886551887042	-4064.4539971161
0.220	0.185955297177649	-10.6397759909465	-3883.50584431473
0.221	0.173414140232896	-14.3988709369747	-3621.59528285926
0.222	0.157257686427321	-17.8577816371972	-3284.18256200835
0.223	0.137822761677466	-20.944397541808	-2878.3019821302
0.224	0.11551454068445	-23.5943696145893	-2412.41524527709
0.225	0.0907980999479059	-25.7524518663552	-1896.23504762815
0.226	0.064188721961438	-27.3736531102295	-1340.52259150324
0.227	0.0362411527254231	-28.4241749272373	-756.863238369743
0.228	0.00753803653398208	-28.8821162877271	-157.424979974682
0.229	-0.0213222308550571	-28.7379301388415	445.295237060851
0.230	-0.0497379774329749	-27.9946224392107	1038.7320446205
0.231	-0.0771167984554834	-26.6676894914401	1610.51361290668
0.232	-0.102887906756305	-24.7847948788693	2148.71957541335
0.233	-0.126514032382629	-22.3851927417486	2642.12954189948
0.234	-0.147502623471637	-19.5189094162344	3080.4570184232
0.235	-0.165416114854915	-16.2457004971992	3454.56385772759
0.236	-0.179881050313276	-12.6338050677647	3756.65076916694
0.237	-0.190595868303445	-8.75852306708302	3980.41991646817
0.238	-0.197337188841574	-4.70064545506687	4121.20621352758
0.239	-0.199964470476162	-0.544769901621708	4176.07458101933
0.240	-0.198422940262895	3.62246288551036	4143.88113623303
0.241	-0.192744735658001	7.7141754256727	4025.29704046911
0.242	-0.183048234524181	11.6450646664039	3822.79450682729
0.243	-0.169535587217014	15.3331803612409	3540.59526009427
0.244	-0.152488502202287	18.7016335490185	3184.58252322677
0.245	-0.132262373064727	21.6801995166929	2762.17836531489
0.246	-0.10927886934685	24.2067818275014	2282.18896804627
0.247	-0.0840171456823563	26.2287068927472	1754.62103651915
0.248	-0.057003852493991	27.7038220982813	1190.47318182812
0.249	-0.0288021565104458	28.601374592204	601.506624628858
0.250	3.62631628287666E-15	28.9026524130261	-7.57322899192887E-11
0.251	0.0288021565104544	28.6013745922038	-601.506624629037
0.252	0.0570038524939993	27.703822098281	-1190.47318182829
0.253	0.0840171456823655	26.2287068927466	-1754.62103651934
0.254	0.109278869346858	24.2067818275006	-2282.18896804645
0.255	0.132262373064733	21.680199516692	-2762.17836531502
0.256	0.152488502202292	18.7016335490176	-3184.58252322688
0.257	0.169535587217019	15.3331803612398	-3540.59526009437
0.258	0.183048234524186	11.6450646664026	-3822.79450682737
0.259	0.192744735658003	7.71417542567149	-4025.29704046916
0.260	0.198422940262896	3.62246288550911	-4143.88113623305
0.261	0.199964470476162	-0.544769901622961	-4176.07458101933
0.262	0.197337188841573	-4.70064545506831	-4121.20621352755
0.263	0.190595868303442	-8.75852306708441	-3980.41991646811
0.264	0.179881050313272	-12.6338050677659	-3756.65076916686
0.265	0.16541611485491	-16.2457004972003	-3454.56385772749
0.266	0.147502623471632	-19.5189094162353	-3080.45701842307
0.267	0.126514032382621	-22.3851927417495	-2642.12954189931
0.268	0.102887906756298	-24.78479487887	-2148.7195754132
0.269	0.0771167984554754	-26.6676894914406	-1610.51361290652
0.270	0.0497379774329665	-27.994622439211	-1038.73204462033
0.271	0.0213222308550471	-28.7379301388417	-445.295237060642
0.272	-0.00753803653399217	-28.8821162877271	157.424979974892
0.273	-0.0362411527254316	-28.4241749272371	756.863238369921
0.274	-0.0641887219614462	-27.3736531102291	1340.52259150342
0.275	-0.0907980999479137	-25.7524518663546	1896.23504762831
0.276	-0.115514540684458	-23.5943696145885	2412.41524527726
0.277	-0.137822761677474	-20.944397541807	2878.30198213035
0.278	-0.157257686427327	-17.8577816371962	3284.18256200846
0.279	-0.1734141402329	-14.3988709369735	3621.59528285936
0.280	-0.185955297177652	-10.6397759909453	3883.5058443148
0.281	-0.194619702196427	-6.6588655188691	4064.45399711614
0.282	-0.199226721828635	-2.53913259797394	4160.66737709564
0.283	-0.199680310021795	1.63353555702826	4170.14015052982
0.284	-0.195971010476848	5.77214815022083	4092.6748312851
0.285	-0.188176153790843	9.79042436796174	3929.88639796191
0.286	-0.176458245286988	13.6045921408199	3685.16862520391
0.287	-0.161061577142222	17.1351346038076	3363.6233310892
0.288	-0.142307135441854	20.3084478451199	2971.95401563722
0.289	-0.120585908337801	23.0583753830287	2518.32610783049
0.290	-0.0963507348203382	25.3275873805211	2012.196734688
0.291	-0.0701068640382476	27.0687758441422	1464.11756132451
0.292	-0.0424014219844062	28.2456408898219	885.514812338936
0.293	-0.013812005142876	28.8336475142463	288.451060594532
0.294	0.015065361105592	28.8205370947878	-314.626250439026
0.295	0.0436286482793142	28.2065829543614	-911.144308034445
0.296	0.0712823757426546	27.0045846632535	-1488.6670452242
0.297	0.0974500251450709	25.2396011967167	-2035.15440497486
0.298	0.121586059538925	22.9484285113979	-2539.21334844001
0.299	0.14318729660437	20.1788324319625	-2990.33537433176
0.300	0.161803398874992	16.9885528405117	-3379.11559766283
0.301	0.177046262266493	13.4440999292165	-3697.44882055798
0.302	0.188598107178575	9.61936761160882	-3938.69850749659
0.303	0.196218103488668	5.59409299979932	-4097.83514223109
0.304	0.199747391321204	1.45219406407851	-4171.54108194857
0.305	0.199112392920616	-2.71997986902188	-4158.27972270125
0.306	0.194326346582934	-6.83544830700674	-4058.32753416105
0.307	0.18548903066693	-10.8084129400917	-3873.76829584547
0.308	0.172784683438564	-14.5560463440145	-3608.44965497647
0.309	0.156478162115314	-18.0002187465286	-3267.90291164392
0.310	0.136909421185734	-21.0691268583623	-2859.22770357333
0.311	0.114486425118914	-23.6987908111616	-2390.9439945626
0.312	0.0896766432180013	-25.8343879946086	-1872.81445229781
0.313	0.0629973039310552	-27.4313959851978	-1315.64091857304
0.314	0.0350046117950503	-28.4565207391601	-731.039215054884
0.315	0.0062821518156203	-28.88839069879	-131.196979387615
0.316	-0.022571276974702	-28.7180023416111	471.380419785308
0.317	-0.0509541451366823	-27.9489078836765	1064.13059178048
0.318	-0.0782747333674463	-26.5971412238123	1634.69602161563
0.319	-0.103963468524146	-24.690883672697	2171.18169655068
0.320	-0.127484797949742	-22.2698764355817	2662.40309049187
0.321	-0.148348354547752	-19.3845920970702	3098.11933633862
0.322	-0.166119179839166	-16.095182380647	3469.24672515171
0.323	-0.180426791873643	-12.4702241198148	3768.04808116254
0.324	-0.19097290894933	-8.58528958453582	3988.29406457829
0.325	-0.197537668119028	-4.52137096847464	4125.39303938021
0.326	-0.199984208840763	-0.36319188295587	4176.48679866223
0.327	-0.1982615262139	3.80255894078772	4140.51015185055
0.328	-0.192405534317216	7.88903491772072	4018.21313154406
0.329	-0.182538317480698	11.8110421660102	3812.14535701258
0.330	-0.1688655851004	15.4868156088645	3526.6028803392
0.331	-0.15167238305774	18.8397235934599	3167.53862334541
0.332	-0.131317151150586	21.7998654894613	2742.43827248907
0.333	-0.10822425042537	24.3055289607818	2260.16421904879
0.334	-0.0828751161986514	26.3044765297285	1730.7707980927
0.335	-0.0557982212078398	27.7550346115447	1165.29467808598
0.336	-0.027558058136921	28.6269623154207	575.524771044605
0.337	0.00125662879311737	28.9020818994121	-26.2435399059557
0.338	0.0300451178241573	28.5746577356916	-627.464731761693
0.339	0.0582072333656604	27.6515158855577	-1215.60468772762
0.340	0.0851558583130205	26.1519017913279	-1778.40200551169
0.341	0.110329174125692	24.1070790519222	-2304.12362013122
0.342	0.133202373486855	21.5596776467691	-2781.80941206858
0.343	0.153298601361874	18.5628051961059	-3201.5007012431
0.344	0.170198896358942	15.1789397859101	-3554.44786321104
0.345	0.183550925136799	11.4786274395827	-3833.29273926063
0.346	0.193076327766656	7.53901139118625	-4032.22203755947
0.347	0.198576520913963	3.44222382159967	-4147.08852728373
0.348	0.19993683785666	-0.726326413705879	-4175.49749910256
0.349	0.197128919029798	-4.87973436822697	-4116.85668951024
0.350	0.190211303259029	-8.93141077813812	-3972.38862819524
0.351	0.179328207357045	-12.7968872547244	-3745.10515103129
0.352	0.164706519525682	-16.395577261314	-3439.74461003742
0.353	0.146651069244508	-19.6524561622775	-3062.67308933915
0.354	0.125538272258135	-22.4996253188366	-2621.75168655663
0.355	0.101808283150068	-24.877727623779	-2126.17262650617
0.356	0.0759558191043545	-26.7371849643497	-1586.26762387777
0.357	0.0485198461590751	-28.0392318149858	-1013.29249009782
0.358	0.0200723429702361	-28.7567234117974	-419.192474842664
0.359	-0.0087936236635802	-28.8747016601672	183.646765693334
0.360	-0.037476262917151	-28.3907069775581	782.657382020115
0.361	-0.0653776059309946	-27.3148295703071	1365.35134289705
0.362	-0.0919159721243036	-25.6694990753968	1919.58078284585
0.363	-0.116538095933721	-23.4890169527038	2433.79125796861
0.364	-0.138730661162566	-20.8188413763002	2897.26263025343
0.365	-0.158031002475142	-17.7146395332232	3300.33255846877
0.366	-0.174036750933908	-14.2411270871638	3634.59793636155
0.367	-0.186414222491645	-10.4707190016621	3893.09007862296
0.368	-0.194905374557317	-6.48201985012379	4070.42000238685
0.369	-0.199333185606807	-2.35818508631978	4162.89077546618
0.370	-0.199605345685654	1.81481256079003	4168.57458911836
0.371	-0.195716180865093	5.94997542611564	4087.35294854459
0.372	-0.187746771530772	9.96109461512331	3920.91914324135
0.373	-0.175863262038108	13.7645472664193	3672.74294570262
0.374	-0.160313396974171	17.2810399013285	3347.998274426
0.375	-0.141421356237305	20.4372615155292	2953.45532928707
0.376	-0.119580996611498	23.1674119494809	2497.33944801843
0.377	-0.0952476407335812	25.4145736745428	1989.15962631966
0.378	-0.0689285846348974	27.1318983961094	1439.51027657061
0.379	-0.0411725217539696	28.2835837357441	859.850358035056
0.380	-0.0125581039058556	28.845619630672	262.264483196254
0.381	0.0163181223136389	28.8062888898736	-340.789019377698
0.382	0.0448541521898838	28.1664114713035	-936.737833312626
0.383	0.0724550733409154	26.9393273876019	-1513.1577590978
0.384	0.0985454683096644	25.1506185966748	-2058.03173085038
0.385	0.122581410730601	22.8375756751043	-2560.00034525423
0.386	0.144061804977587	20.0484203930532	-3008.59867970587
0.387	0.162538832886623	16.8413003982394	-3394.47446253856
0.388	0.177627289762712	13.283076967569	-3709.58304696357
0.389	0.189012615035963	9.44793109909478	-3947.35512395827
0.390	0.196457450145739	5.41581700416602	-4102.83367766224
0.391	0.199806586935625	1.27079524099491	-4172.77732806821
0.392	0.198990203396259	-2.90071975992089	-4155.72790654353
0.393	0.194025319298019	-7.01176124334816	-4052.04085538391
0.394	0.185015441366889	-10.9766231916011	-3863.87781763683
0.395	0.172148405400785	-14.7126471032687	-3595.16157167996
0.396	0.1556924603134	-18.1419452380452	-3251.49425006808
0.397	0.135990675744479	-21.1930244018645	-2840.04054760248
0.398	0.113453789825345	-23.8022764200515	-2369.37835347313
0.399	0.0885516462077734	-25.9153042254595	-1849.31992145967
0.400	0.0618033988749818	-27.4880559156227	-1290.7073063921
0.401	0.0337666889425399	-28.4877431363695	-705.186331563525
0.402	0.00502601908866018	-28.893524645653	-104.963799368418
0.403	-0.0238194320189815	-28.6969408068212	497.446993217953
0.404	-0.0521683012579871	-27.9020899531153	1089.48712888678
0.405	-0.0794295781269638	-26.5255429465905	1658.8138953247
0.406	-0.105034925992265	-24.5959977127147	2193.55810315231
0.407	-0.128450530635323	-22.1536809528252	2682.57153196904
0.408	-0.149188229084842	-19.2495095074017	3115.65934580747
0.409	-0.166815686722639	-15.9440288538537	3483.79263265542
0.410	-0.180965410493208	-12.3061508687687	3779.29663707186
0.411	-0.191342410311768	-8.41171716945598	3996.0107616678
0.412	-0.197730348947584	-4.3419179858982	4129.41700177945
0.413	-0.199996052171227	-0.181599526096377	4176.73413575761
0.414	-0.198092285139329	3.98250487754913	4136.97570721697
0.415	-0.192058737135387	8.06358296417857	4010.97059044484
0.416	-0.182021194136996	11.9765533858956	3801.34571022661
0.417	-0.168188916459629	15.6398394635255	3512.47127634093
0.418	-0.150850276147215	18.9770698778727	3150.3696744629
0.419	-0.130366745060169	21.9186708408675	2722.58991289606
0.420	-0.107165358995793	24.4033165533967	2238.05024263794
0.421	-0.0817298149472626	26.3792077110169	1706.85223179867
0.422	-0.0545903871034571	27.8051514035658	1140.07017050526
0.423	-0.026312871818448	28.6514198951824	549.520196727848
0.424	0.00251320797667806	28.900370381093	-52.4860437618163
0.425	0.031286893008054	28.5468128006196	-653.398067661131
0.426	0.0594083163154148	27.5981180383343	-1240.68820363533
0.427	0.0862912091361995	26.0740642576056	-1802.11276623796
0.428	0.111375123297645	24.0064245701407	-2325.96730936077
0.429	0.13413711530735	21.4383046376888	-2801.33063774977
0.430	0.154102648555163	18.4232440154298	-3218.29248949348
0.431	0.170855486339863	15.0240999720282	-3568.16014281226
0.432	0.184046369473178	11.311737056206	-3843.63963986019
0.433	0.193400297552489	7.36354972943994	-4038.98784942802
0.434	0.198722262104003	3.26184886458779	-4150.1321983803
0.435	0.199901312073146	-0.907854251665653	-4174.75557569412
0.436	0.19691286690584	-5.05863063782821	-4112.34463904001
0.437	0.189819228998056	-9.10394589238732	-3964.20051682116
0.438	0.178768284830249	-12.959464242486	-3733.411682557
0.439	0.163990421865086	-16.5448067561111	-3424.78956711994
0.440	0.145793725484276	-19.7852270630008	-3044.76825116579
0.441	0.124557556097616	-22.6131696492417	-2601.27032894652
0.442	0.100724640327144	-24.9696782385989	-2103.54173994448
0.443	0.0747918411475525	-26.8056248989778	-1561.95901171935
0.444	0.0472997994047367	-28.0827342498993	-987.812932522839
0.445	0.0188216626636941	-28.7743814185523	-393.073163623552
0.446	-0.0100488636359631	-28.8661471088272	209.86130135192
0.447	-0.0387098936101814	-28.3561182113803	808.42062769702
0.448	-0.0665639089046066	-27.2549276876842	1390.12619255755
0.449	-0.0930302156155007	-25.5855328965686	1942.85073630095
0.450	-0.117557050458501	-23.3827369846495	2455.07118874839
0.451	-0.1396330837987	-20.6924633185835	2916.10889940875
0.452	-0.158798079729572	-17.5707980856137	3316.35226345074
0.453	-0.174652490961988	-14.0828210220415	3647.45710216064
0.454	-0.186865788491326	-10.3012486463215	3902.52062040086
0.455	-0.195183352387752	-6.3049182823338	4076.22531444554
0.456	-0.199431780052124	-2.17714447755606	4164.94983003691
0.457	-0.199522501272244	1.99601791885956	4166.84445951986
0.458	-0.195453624713637	6.12756780716882	4081.86970410833
0.459	-0.187309977349636	10.1313716153254	3911.7970973467
0.460	-0.175261336008769	13.9239589912612	3660.17227259859
0.461	-0.159558887907709	17.426262972984	3332.24104452361
0.462	-0.140529993959764	20.565268357848	2934.84004557765
0.463	-0.118571364032204	23.2755339061783	2476.2541975211
0.464	-0.0941407864330582	25.5005566447126	1966.04398933525
0.465	-0.067747584049049	27.1939498271852	1414.8461624158
0.466	-0.0399419961028715	28.3204099942097	834.151958311311
0.467	-0.0113037068963944	28.8564529714263	236.067552045218
0.468	0.0175702393101566	28.7909034619982	-366.93833454938
0.469	0.0460778853353262	28.1251280265494	-962.29437778507
0.470	0.0736249105369436	26.8730065934325	-1537.58873609402
0.471	0.099637021067906	25.0606430932754	-2080.82780915709
0.472	0.123571922618074	22.7258212504271	-2580.68627763824
0.473	0.144930626037416	19.9172168768352	-3026.74321075565
0.474	0.163267850143443	16.6933830902644	-3409.69931937476
0.475	0.178201304837678	13.1215296127868	-3721.57082538231
0.476	0.189419660998952	9.2761215984382	-3955.85590559861
0.477	0.196689040999067	5.23732720135096	-4107.67024024497
0.478	0.199857894528118	1.08934624909136	-4173.84884008389
0.479	0.198860158079399	-3.0813451353706	-4153.01202936381
0.480	0.193716632225724	-7.18779736736176	-4045.59420897202
0.481	0.184534547974019	-11.1444001048218	-3853.83480014797
0.482	0.171505331238725	-14.8686670324073	-3581.73155756049
0.483	0.15490061203974	-18.2829555166278	-3234.9572250667
0.484	0.135066561624197	-21.3160852810516	-2820.74127169372
0.485	0.112416675570417	-23.9048223558246	-2347.71917338326
0.486	0.0874231533301791	-25.9951973644736	-1825.75238263759
0.487	0.0606070539265466	-27.543630664667	-1265.72273929679
0.488	0.0325274330389679	-28.5178408862587	-679.305608523268
0.489	0.00376968794307236	-28.8975179256366	-78.7264755581479
0.490	-0.0250666467128704	-28.6747463659454	523.493928295071
0.491	-0.0533803978640847	-27.8541704958188	1114.80065490673
0.492	-0.0805812871427419	-26.4528974863522	1682.86628190152
0.493	-0.106102236861356	-24.5001407448577	2215.84791183603
0.494	-0.129411192313897	-22.0366108806777	2702.63407011545
0.495	-0.150022213926098	-19.1136669800585	3133.0763543802
0.496	-0.167505608008433	-15.792245884102	3498.20100599119
0.497	-0.181496884908227	-12.1415917919581	3790.39599282111
0.498	-0.191704357803478	-8.23781267418547	4003.56970309471
0.499	-0.197915223720532	-4.16229359183423	4133.27794186616
0.500	-0.2	1.04810159063681E-12	4176.81658254102
0.501	-0.197915223720529	4.16229359183671	4133.27794186611
0.502	-0.191704357803473	8.23781267418787	4003.56970309461
0.503	-0.18149688490822	12.1415917919604	3790.39599282096
0.504	-0.167505608008424	15.7922458841041	3498.201005991
0.505	-0.150022213926086	19.1136669800604	3133.07635437996
0.506	-0.129411192313882	22.0366108806796	2702.63407011513
0.507	-0.106102236861339	24.5001407448592	2215.84791183567
0.508	-0.0805812871427235	26.4528974863534	1682.86628190113
0.509	-0.053380397864068	27.8541704958194	1114.80065490638
0.510	-0.0250666467128532	28.6747463659457	523.493928294712
0.511	0.00376968794308971	28.8975179256366	-78.7264755585101
0.512	0.032527433038985	28.5178408862583	-679.305608523626
0.513	0.0606070539265631	27.5436306646663	-1265.72273929713
0.514	0.0874231533301947	25.9951973644725	-1825.75238263792
0.515	0.112416675570434	23.9048223558229	-2347.71917338361
0.516	0.135066561624212	21.3160852810497	-2820.74127169404
0.517	0.154900612039753	18.2829555166256	-3234.95722506697
0.518	0.171505331238734	14.8686670324051	-3581.73155756068
0.519	0.184534547974026	11.1444001048195	-3853.83480014811
0.520	0.193716632225728	7.18779736735933	-4045.59420897211
0.521	0.198860158079401	3.08134513536811	-4153.01202936384
0.522	0.199857894528118	-1.08934624909386	-4173.84884008387
0.523	0.196689040999064	-5.23732720135343	-4107.67024024491
0.524	0.189419660998946	-9.27612159844096	-3955.85590559847
0.525	0.178201304837669	-13.1215296127894	-3721.57082538211
0.526	0.163267850143431	-16.6933830902668	-3409.69931937452
0.527	0.144930626037404	-19.917216876837	-3026.7432107554
0.528	0.123571922618061	-22.7258212504287	-2580.68627763795
0.529	0.0996370210678909	-25.0606430932767	-2080.82780915678
0.530	0.0736249105369275	-26.8730065934335	-1537.58873609369
0.531	0.0460778853353093	-28.12512802655	-962.294377784717
0.532	0.0175702393101393	-28.7909034619984	-366.938334549019
0.533	-0.0113037068964146	-28.8564529714261	236.067552045639
0.534	-0.0399419961028912	-28.3204099942091	834.151958311724
0.535	-0.067747584049068	-27.1939498271842	1414.84616241619
0.536	-0.0941407864330735	-25.5005566447114	1966.04398933557
0.537	-0.118571364032218	-23.2755339061768	2476.25419752139
0.538	-0.140529993959776	-20.5652683578462	2934.8400455779
0.539	-0.15955888790772	-17.426262972982	3332.24104452383
0.540	-0.175261336008777	-13.923958991259	3660.17227259877
0.541	-0.187309977349642	-10.1313716153231	3911.79709734683
0.542	-0.195453624713641	-6.12756780716597	4081.86970410842
0.543	-0.199522501272246	-1.99601791885665	4166.84445951989
0.544	-0.199431780052122	2.17714447755897	4164.94983003688
0.545	-0.195183352387748	6.30491828233625	4076.22531444546
0.546	-0.186865788491319	10.3012486463238	3902.52062040073
0.547	-0.17465249096198	14.0828210220436	3647.45710216046
0.548	-0.158798079729562	17.5707980856157	3316.35226345052
0.549	-0.139633083798688	20.6924633185853	2916.10889940849
0.550	-0.117557050458487	23.382736984651	2455.07118874809
0.551	-0.0930302156154828	25.5855328965699	1942.85073630057
0.552	-0.0665639089045876	27.2549276876852	1390.12619255715
0.553	-0.0387098936101616	28.3561182113809	808.420627696607
0.554	-0.0100488636359429	28.8661471088273	209.861301351499
0.555	0.0188216626637113	28.7743814185521	-393.073163623913
0.556	0.0472997994047535	28.0827342498987	-987.812932523191
0.557	0.0747918411475686	26.8056248989769	-1561.95901171969
0.558	0.10072464032716	24.9696782385976	-2103.54173994482
0.559	0.12455755609763	22.61316964924	-2601.27032894682
0.560	0.145793725484289	19.7852270629988	-3044.76825116606
0.561	0.163990421865097	16.5448067561089	-3424.78956712016
0.562	0.178768284830258	12.9594642424836	-3733.41168255718
0.563	0.189819228998062	9.10394589238456	-3964.20051682129
0.564	0.196912866905843	5.05863063782574	-4112.34463904008
0.565	0.199901312073147	0.907854251663148	-4174.75557569413
0.566	0.198722262104001	-3.26184886459028	-4150.13219838026
0.567	0.193400297552485	-7.36354972944256	-4038.98784942792
0.568	0.18404636947317	-11.3117370562085	-3843.63963986004
0.569	0.170855486339854	-15.0240999720305	-3568.16014281205
0.570	0.154102648555151	-18.4232440154319	-3218.29248949323
0.571	0.134137115307336	-21.4383046376906	-2801.33063774948
0.572	0.111375123297628	-24.0064245701423	-2325.96730936042
0.573	0.0862912091361839	-26.0740642576067	-1802.11276623764
0.574	0.0594083163153983	-27.598118038335	-1240.68820363499
0.575	0.0312868930080368	-28.54681280062	-653.398067660774
0.576	0.00251320797666071	-28.900370381093	-52.4860437614541
0.577	-0.0263128718184666	-28.6514198951821	549.520196728236
0.578	-0.0545903871034751	-27.8051514035651	1140.07017050564
0.579	-0.0817298149472797	-26.3792077110158	1706.85223179903
0.580	-0.107165358995809	-24.4033165533953	2238.05024263827
0.581	-0.130366745060184	-21.9186708408656	2722.58991289638
0.582	-0.150850276147227	-18.9770698778708	3150.36967446314
0.583	-0.168188916459639	-15.6398394635234	3512.47127634113
0.584	-0.182021194137003	-11.9765533858934	3801.34571022676
0.585	-0.192058737135391	-8.06358296417617	4010.97059044494
0.586	-0.198092285139332	-3.98250487754645	4136.97570721702
0.587	-0.199996052171227	0.181599526099089	4176.7341357576
0.588	-0.197730348947581	4.34191798590088	4129.41700177939
0.589	-0.191342410311763	8.41171716945858	3996.01076166769
0.590	-0.180965410493199	12.3061508687713	3779.29663707168
0.591	-0.166815686722629	15.9440288538558	3483.79263265522
0.592	-0.14918822908483	19.2495095074036	3115.65934580723
0.593	-0.128450530635309	22.1536809528268	2682.57153196877
0.594	-0.105034925992251	24.595997712716	2193.558103152
0.595	-0.0794295781269465	26.5255429465916	1658.81389532434
0.596	-0.052168301257969	27.902089953116	1089.4871288864
0.597	-0.0238194320189629	28.6969408068216	497.446993217564
0.598	0.00502601908867894	28.893524645653	-104.963799368809
0.599	0.0337666889425584	28.487743136369	-705.186331563911
0.600	0.0618033988749983	27.4880559156219	-1290.70730639245
0.601	0.0885516462077889	25.9153042254584	-1849.31992145999
0.602	0.113453789825359	23.8022764200501	-2369.37835347342
0.603	0.135990675744491	21.1930244018628	-2840.04054760275
0.604	0.155692460313411	18.1419452380431	-3251.49425006833
0.605	0.172148405400794	14.7126471032663	-3595.16157168016
0.606	0.185015441366896	10.9766231915985	-3863.87781763698
0.607	0.194025319298024	7.01176124334553	-4052.04085538401
0.608	0.198990203396261	2.90071975991819	-4155.72790654357
0.609	0.199806586935624	-1.27079524099783	-4172.7773280682
0.610	0.196457450145736	-5.41581700416848	-4102.83367766217
0.611	0.189012615035958	-9.44793109909715	-3947.35512395815
0.612	0.177627289762704	-13.2830769675712	-3709.5830469634
0.613	0.162538832886613	-16.8413003982416	-3394.47446253833
0.614	0.144061804977574	-20.0484203930552	-3008.5986797056
0.615	0.122581410730586	-22.8375756751059	-2560.00034525392
0.616	0.0985454683096481	-25.1506185966761	-2058.03173085004
0.617	0.0724550733408979	-26.9393273876029	-1513.15775909744
0.618	0.0448541521898641	-28.1664114713041	-936.737833312215
0.619	0.0163181223136216	-28.8062888898738	-340.789019377337
0.620	-0.0125581039058729	-28.8456196306718	262.264483196615
0.621	-0.0411725217539866	-28.2835837357436	859.85035803541
0.622	-0.0689285846349137	-27.1318983961085	1439.51027657095
0.623	-0.0952476407335977	-25.4145736745415	1989.15962632
0.624	-0.119580996611513	-23.1674119494793	2497.33944801874
0.625	-0.141421356237318	-20.4372615155273	2953.45532928735
0.626	-0.160313396974183	-17.2810399013263	3347.99827442623
0.627	-0.175863262038117	-13.7645472664168	3672.74294570282
0.628	-0.187746771530778	-9.96109461512096	3920.91914324147
0.629	-0.195716180865097	-5.94997542611319	4087.35294854466
0.630	-0.199605345685655	-1.81481256078752	4168.57458911838
0.631	-0.199333185606805	2.35818508632228	4162.89077546615
0.632	-0.194905374557313	6.48201985012644	4070.42000238676
0.633	-0.186414222491638	10.4707190016646	3893.09007862282
0.634	-0.174036750933899	14.2411270871662	3634.59793636135
0.635	-0.15803100247513	17.7146395332253	3300.33255846853
0.636	-0.138730661162552	20.8188413763022	2897.26263025313
0.637	-0.116538095933707	23.4890169527053	2433.79125796831
0.638	-0.0919159721242882	25.6694990753979	1919.58078284552
0.639	-0.0653776059309782	27.314829570308	1365.35134289671
0.640	-0.0374762629171339	28.3907069775586	782.657382019759
0.641	-0.00879362366356144	28.8747016601673	183.646765692943
0.642	0.0200723429702548	28.7567234117972	-419.192474843054
0.643	0.0485198461590933	28.0392318149851	-1013.2924900982
0.644	0.0759558191043718	26.7371849643487	-1586.26762387813
0.645	0.101808283150085	24.8777276237776	-2126.17262650654
0.646	0.125538272258148	22.499625318835	-2621.75168655691
0.647	0.146651069244519	19.6524561622756	-3062.67308933939
0.648	0.164706519525692	16.3955772613119	-3439.74461003762
0.649	0.179328207357052	12.7968872547222	-3745.10515103145
0.650	0.190211303259034	8.93141077813554	-3972.38862819536
0.651	0.197128919029802	4.87973436822429	-4116.8566895103
0.652	0.19993683785666	0.726326413703167	-4175.49749910257
0.653	0.198576520913961	-3.44222382160236	-4147.08852728368
0.654	0.193076327766651	-7.53901139118887	-4032.22203755937
0.655	0.183550925136792	-11.478627439585	-3833.29273926049
0.656	0.170198896358933	-15.1789397859123	-3554.44786321085
0.657	0.153298601361863	-18.5628051961079	-3201.50070124287
0.658	0.133202373486842	-21.5596776467708	-2781.80941206831
0.659	0.110329174125676	-24.1070790519237	-2304.1236201309
0.660	0.0851558583130035	-26.151901791329	-1778.40200551133
0.661	0.0582072333656424	-27.6515158855585	-1215.60468772725
0.662	0.0300451178241387	-28.574657735692	-627.464731761306
0.663	0.0012566287930986	-28.9020818994121	-26.2435399055638
0.664	-0.027558058136941	-28.6269623154203	575.524771045023
0.665	-0.0557982212078564	-27.755034611544	1165.29467808633
0.666	-0.0828751161986672	-26.3044765297275	1730.77079809303
0.667	-0.108224250425385	-24.3055289607805	2260.1642190491
0.668	-0.1313171511506	-21.7998654894595	2742.43827248936
0.669	-0.151672383057752	-18.8397235934579	3167.53862334567
0.670	-0.16886558510041	-15.4868156088622	3526.60288033941
0.671	-0.182538317480706	-11.8110421660077	3812.14535701274
0.672	-0.192405534317221	-7.88903491771811	4018.21313154416
0.673	-0.198261526213903	-3.80255894078483	4140.5101518506
0.674	-0.199984208840763	0.363191882958377	4176.48679866223
0.675	-0.197537668119026	4.52137096847712	4125.39303938015
0.676	-0.190972908949325	8.58528958453821	3988.29406457818
0.677	-0.180426791873635	12.4702241198171	3768.04808116238
0.678	-0.166119179839156	16.0951823806492	3469.24672515149
0.679	-0.148348354547739	19.3845920970722	3098.11933633836
0.680	-0.127484797949728	22.2698764355834	2662.40309049157
0.681	-0.10396346852413	24.6908836726984	2171.18169655034
0.682	-0.0782747333674278	26.5971412238134	1634.69602161524
0.683	-0.0509541451366655	27.9489078836772	1064.13059178013
0.684	-0.0225712769746848	28.7180023416113	471.380419784948
0.685	0.00628215181563764	28.88839069879	-131.196979387977
0.686	0.0350046117950673	28.4565207391597	-731.03921505524
0.687	0.062997303931073	27.4313959851969	-1315.64091857341
0.688	0.0896766432180181	25.8343879946074	-1872.81445229816
0.689	0.114486425118929	23.69879081116	-2390.94399456292
0.690	0.136909421185748	21.0691268583604	-2859.22770357362
0.691	0.156478162115326	18.0002187465263	-3267.90291164418
0.692	0.172784683438573	14.5560463440123	-3608.44965497666
0.693	0.185489030666937	10.8084129400894	-3873.7682958456
0.694	0.194326346582938	6.8354483070043	-4058.32753416113
0.695	0.199112392920617	2.71997986901938	-4158.27972270128
0.696	0.199747391321203	-1.45219406408122	-4171.54108194855
0.697	0.196218103488664	-5.59409299980198	-4097.83514223101
0.698	0.188598107178568	-9.61936761161138	-3938.69850749646
0.699	0.177046262266485	-13.4440999292189	-3697.44882055779
0.700	0.161803398874981	-16.9885528405139	-3379.1155976626
0.701	0.143187296604358	-20.1788324319643	-2990.33537433151
0.702	0.121586059538912	-22.9484285113995	-2539.21334843973
0.703	0.0974500251450557	-25.2396011967179	-2035.15440497454
0.704	0.0712823757426384	-27.0045846632544	-1488.66704522386
0.705	0.0436286482792959	-28.206582954362	-911.144308034063
0.706	0.0150653611055733	-28.820537094788	-314.626250438635
0.707	-0.0138120051428947	-28.8336475142461	288.451060594923
0.708	-0.0424014219844246	-28.2456408898213	885.514812339319
0.709	-0.0701068640382652	-27.0687758441412	1464.11756132487
0.710	-0.0963507348203559	-25.3275873805196	2012.19673468837
0.711	-0.120585908337815	-23.0583753830272	2518.32610783078
0.712	-0.142307135441866	-20.3084478451181	2971.95401563748
0.713	-0.161061577142232	-17.1351346038055	3363.62333108942
0.714	-0.176458245286997	-13.6045921408176	3685.16862520409
0.715	-0.18817615379085	-9.79042436795919	3929.88639796205
0.716	-0.195971010476852	-5.77214815021817	4092.67483128518
0.717	-0.199680310021796	-1.63353555702555	4170.14015052984
0.718	-0.199226721828633	2.53913259797665	4160.66737709561
0.719	-0.194619702196422	6.65886551887194	4064.45399711605
0.720	-0.185955297177646	10.6397759909476	3883.50584431467
0.721	-0.173414140232892	14.3988709369757	3621.59528285918
0.722	-0.157257686427316	17.8577816371982	3284.18256200824
0.723	-0.13782276167746	20.9443975418089	2878.30198213007
0.724	-0.115514540684442	23.5943696145901	2412.41524527694
0.725	-0.090798099947897	25.7524518663558	1896.23504762796
0.726	-0.0641887219614284	27.3736531102299	1340.52259150304
0.727	-0.0362411527254131	28.4241749272376	756.863238369535
0.728	-0.00753803653397199	28.8821162877272	157.424979974471
0.729	0.0213222308550643	28.7379301388414	-445.295237061002
0.730	0.0497379774329833	27.9946224392104	-1038.73204462068
0.731	0.0771167984554914	26.6676894914396	-1610.51361290685
0.732	0.102887906756313	24.7847948788687	-2148.71957541351
0.733	0.126514032382636	22.3851927417478	-2642.12954189962
0.734	0.147502623471644	19.5189094162333	-3080.45701842334
0.735	0.16541611485492	16.245700497198	-3454.56385772771
0.736	0.179881050313281	12.6338050677634	-3756.65076916703
0.737	0.190595868303448	8.75852306708163	-3980.41991646823
0.738	0.197337188841576	4.70064545506583	-4121.20621352761
0.739	0.199964470476162	0.544769901620455	-4176.07458101934
0.740	0.198422940262894	-3.6224628855116	-4143.881136233
0.741	0.192744735657998	-7.71417542567391	-4025.29704046906
0.742	0.183048234524178	-11.6450646664051	-3822.79450682722
0.743	0.169535587217009	-15.3331803612421	-3540.59526009416
0.744	0.15248850220228	-18.7016335490196	-3184.58252322663
0.745	0.132262373064719	-21.6801995166938	-2762.17836531473
0.746	0.109278869346841	-24.2067818275022	-2282.18896804609
0.747	0.0840171456823497	-26.2287068927477	-1754.62103651901
0.748	0.0570038524939827	-27.7038220982817	-1190.47318182795
0.749	0.0288021565104372	-28.6013745922042	-601.506624628679
0.750	-1.37211197916704E-14	-28.9026524130261	2.86553003384403E-10
0.751	-0.0288021565104643	-28.6013745922036	601.506624629246
0.752	-0.057003852494009	-27.7038220982806	1190.47318182849
0.753	-0.0840171456823746	-26.228706892746	1754.62103651953
0.754	-0.109278869346866	-24.2067818274998	2282.18896804662
0.755	-0.132262373064742	-21.6801995166909	2762.1783653152
0.756	-0.152488502202298	-18.7016335490166	3184.582523227
0.757	-0.169535587217024	-15.3331803612387	3540.59526009447
0.758	-0.183048234524189	-11.6450646664014	3822.79450682745
0.759	-0.192744735658006	-7.71417542567009	4025.29704046921
0.760	-0.198422940262897	-3.62246288550766	4143.88113623308
0.761	-0.199964470476162	0.54476990162442	4176.07458101933
0.762	-0.197337188841571	4.70064545506975	4121.20621352751
0.763	-0.190595868303439	8.7585230670858	3980.41991646804
0.764	-0.179881050313267	12.6338050677674	3756.65076916675
0.765	-0.165416114854903	16.2457004972016	3454.56385772735
0.766	-0.147502623471626	19.5189094162362	3080.45701842295
0.767	-0.126514032382614	22.3851927417503	2642.12954189917
0.768	-0.102887906756289	24.7847948788707	2148.71957541301
0.769	-0.0771167984554661	26.6676894914412	1610.51361290632
0.770	-0.0497379774329567	27.9946224392114	1038.73204462012
0.771	-0.021322230855037	28.7379301388418	445.295237060432
0.772	0.00753803653400226	28.882116287727	-157.424979975103
0.773	0.0362411527254429	28.4241749272368	-756.863238370157
0.774	0.0641887219614571	27.3736531102285	-1340.52259150364
0.775	0.0907980999479214	25.752451866354	-1896.23504762847
0.776	0.115514540684465	23.5943696145878	-2412.41524527741
0.777	0.13782276167748	20.9443975418061	-2878.30198213048
0.778	0.157257686427333	17.8577816371951	-3284.18256200859
0.779	0.173414140232905	14.3988709369722	-3621.59528285946
0.780	0.185955297177656	10.6397759909439	-3883.50584431488
0.781	0.194619702196429	6.65886551886768	-4064.45399711619
0.782	0.199226721828636	2.53913259797229	-4160.66737709566
0.783	0.199680310021794	-1.63353555702992	-4170.1401505298
0.784	0.195971010476847	-5.77214815022206	-4092.67483128506
0.785	0.18817615379084	-9.79042436796292	-3929.88639796185
0.786	0.176458245286984	-13.6045921408211	-3685.16862520382
0.787	0.161061577142216	-17.1351346038087	-3363.62333108908
0.788	0.142307135441847	-20.308447845121	-2971.95401563707
0.789	0.120585908337793	-23.0583753830296	-2518.32610783032
0.790	0.0963507348203293	-25.3275873805218	-2012.19673468782
0.791	0.0701068640382368	-27.0687758441428	-1464.11756132428
0.792	0.042401421984395	-28.2456408898222	-885.5148123387
0.793	0.0138120051428674	-28.8336475142464	-288.451060594351
0.794	-0.0150653611056007	-28.8205370947877	314.626250439206
0.795	-0.0436286482793227	-28.2065829543611	911.144308034622
0.796	-0.071282375742664	-27.004584663253	1488.66704522439
0.797	-0.0974500251450797	-25.239601196716	2035.15440497504
0.798	-0.121586059538933	-22.9484285113971	2539.21334844018
0.799	-0.143187296604377	-20.1788324319614	2990.33537433191
0.800	-0.161803398874999	-16.9885528405103	3379.11559766297
0.801	-0.177046262266499	-13.444099929215	3697.44882055809
0.802	-0.188598107178578	-9.61936761160764	3938.69850749665
0.803	-0.19621810348867	-5.59409299979809	4097.83514223112
0.804	-0.199747391321204	-1.45219406407725	4171.54108194858
0.805	-0.199112392920615	2.71997986902333	4158.27972270123
0.806	-0.194326346582931	6.83544830700816	4058.327534161
0.807	-0.185489030666926	10.8084129400931	3873.76829584539
0.808	-0.172784683438559	14.5560463440157	3608.44965497637
0.809	-0.156478162115308	18.0002187465298	3267.90291164379
0.810	-0.136909421185726	21.0691268583634	2859.22770357316
0.811	-0.114486425118907	23.6987908111623	2390.94399456245
0.812	-0.0896766432179935	25.8343879946091	1872.81445229765
0.813	-0.0629973039310469	27.4313959851982	1315.64091857287
0.814	-0.0350046117950403	28.4565207391604	731.039215054676
0.815	-0.00628215181561021	28.8883906987901	131.196979387404
0.816	0.022571276974712	28.7180023416109	-471.380419785517
0.817	0.050954145136692	27.9489078836762	-1064.13059178068
0.818	0.0782747333674556	26.5971412238117	-1634.69602161583
0.819	0.103963468524156	24.6908836726961	-2171.18169655088
0.820	0.127484797949751	22.2698764355807	-2662.40309049206
0.821	0.148348354547758	19.3845920970693	-3098.11933633874
0.822	0.166119179839171	16.0951823806459	-3469.24672515181
0.823	0.180426791873647	12.4702241198135	-3768.04808116263
0.824	0.190972908949333	8.58528958453442	-3988.29406457835
0.825	0.19753766811903	4.5213709684732	-4125.39303938024
0.826	0.199984208840763	0.363191882954411	-4176.48679866223
0.827	0.198261526213899	-3.80255894078917	-4140.51015185052
0.828	0.192405534317213	-7.88903491772232	-4018.21313154399
0.829	0.182538317480694	-11.8110421660117	-3812.14535701249
0.830	0.168865585100395	-15.4868156088655	-3526.60288033911
0.831	0.151672383057735	-18.8397235934609	-3167.53862334529
0.832	0.13131715115058	-21.7998654894621	-2742.43827248893
0.833	0.108224250425362	-24.3055289607826	-2260.16421904862
0.834	0.0828751161986422	-26.3044765297291	-1730.77079809251
0.835	0.0557982212078301	-27.7550346115451	-1165.29467808578
0.836	0.027558058136911	-28.6269623154209	-575.524771044396
0.837	-0.00125662879312889	-28.9020818994121	26.2435399061962
0.838	-0.0300451178241686	-28.5746577356914	627.464731761931
0.839	-0.0582072333656686	-27.6515158855574	1215.6046877278
0.840	-0.0851558583130283	-26.1519017913274	1778.40200551185
0.841	-0.110329174125699	-24.1070790519215	2304.12362013138
0.842	-0.133202373486862	-21.5596776467682	2781.80941206874
0.843	-0.15329860136188	-18.5628051961048	3201.50070124323
0.844	-0.170198896358947	-15.1789397859089	3554.44786321115
0.845	-0.183550925136803	-11.4786274395813	3833.29273926072
0.846	-0.193076327766659	-7.53901139118465	4032.22203755954
0.847	-0.198576520913965	-3.44222382159802	4147.08852728376
0.848	-0.19993683785666	0.726326413707132	4175.49749910255
0.849	-0.197128919029797	4.8797343682282	4116.85668951021
0.850	-0.190211303259026	8.93141077813931	3972.38862819519
0.851	-0.17932820735704	12.7968872547258	3745.10515103119
0.852	-0.164706519525676	16.3955772613152	3439.7446100373
0.853	-0.146651069244501	19.6524561622786	3062.67308933901
0.854	-0.125538272258127	22.4996253188375	2621.75168655646
0.855	-0.101808283150059	24.8777276237798	2126.17262650599
0.856	-0.0759558191043438	26.7371849643504	1586.26762387754
0.857	-0.0485198461590667	28.0392318149861	1013.29249009764
0.858	-0.0200723429702275	28.7567234117976	419.192474842484
0.859	0.00879362366358886	28.8747016601671	-183.646765693515
0.860	0.0374762629171609	28.3907069775579	-782.657382020322
0.861	0.0653776059310042	27.3148295703067	-1365.35134289725
0.862	0.0919159721243126	25.6694990753961	-1919.58078284603
0.863	0.116538095933729	23.4890169527029	-2433.79125796878
0.864	0.138730661162574	20.8188413762992	-2897.26263025358
0.865	0.158031002475149	17.7146395332219	-3300.33255846891
0.866	0.174036750933914	14.2411270871624	-3634.59793636167
0.867	0.186414222491648	10.4707190016609	-3893.09007862303
0.868	0.194905374557319	6.48201985012257	-4070.42000238689
0.869	0.199333185606807	2.35818508631832	-4162.8907754662
0.870	0.199605345685653	-1.81481256079148	-4168.57458911834
0.871	0.195716180865091	-5.94997542611707	-4087.35294854454
0.872	0.187746771530769	-9.96109461512468	-3920.91914324127
0.873	0.175863262038103	-13.7645472664206	-3672.74294570252
0.874	0.160313396974165	-17.2810399013298	-3347.99827442586
0.875	0.141421356237297	-20.4372615155304	-2953.4553292869
0.876	0.119580996611491	-23.1674119494817	-2497.33944801828
0.877	0.0952476407335736	-25.4145736745434	-1989.1596263195
0.878	0.0689285846348879	-27.1318983961099	-1439.51027657041
0.879	0.0411725217539598	-28.2835837357444	-859.850358034849
0.880	0.0125581039058455	-28.8456196306721	-262.264483196043
0.881	-0.016318122313649	-28.8062888898734	340.789019377908
0.882	-0.0448541521898937	-28.1664114713032	936.737833312831
0.883	-0.0724550733409261	-26.9393273876013	1513.15775909803
0.884	-0.0985454683096744	-25.150618596674	2058.03173085059
0.885	-0.122581410730608	-22.8375756751035	2560.00034525437
0.886	-0.144061804977593	-20.0484203930523	3008.598679706
0.887	-0.16253883288663	-16.841300398238	3394.4744625387
0.888	-0.177627289762717	-13.2830769675677	3709.58304696367
0.889	-0.189012615035966	-9.44793109909379	3947.35512395832
0.890	-0.196457450145741	-5.41581700416459	4102.83367766228
0.891	-0.199806586935626	-1.27079524099386	4172.77732806822
0.892	-0.198990203396258	2.90071975992254	4155.7279065435
0.893	-0.194025319298017	7.01176124334938	4052.04085538387
0.894	-0.185015441366884	10.9766231916026	3863.87781763674
0.895	-0.17214840540078	14.7126471032697	3595.16157167986
0.896	-0.155692460313392	18.1419452380465	3251.49425006793
0.897	-0.135990675744471	21.1930244018655	2840.04054760233
0.898	-0.113453789825335	23.8022764200526	2369.3783534729
0.899	-0.0885516462077643	25.9153042254602	1849.31992145948
0.900	-0.0618033988749749	27.488055915623	1290.70730639196
0.901	-0.0337666889425285	28.4877431363698	705.186331563288
0.902	-0.00502601908865151	28.8935246456531	104.963799368237
0.903	0.023819432018993	28.696940806821	-497.446993218192
0.904	0.0521683012579955	27.902089953115	-1089.48712888695
0.905	0.0794295781269743	26.5255429465898	-1658.81389532492
0.906	0.105034925992274	24.5959977127139	-2193.55810315249
0.907	0.128450530635333	22.153680952824	-2682.57153196925
0.908	0.149188229084848	19.2495095074007	-3115.65934580761
0.909	0.166815686722643	15.9440288538528	-3483.79263265551
0.910	0.180965410493212	12.3061508687673	-3779.29663707195
0.911	0.191342410311771	8.41171716945478	-3996.01076166786
0.912	0.197730348947586	4.34191798589656	-4129.41700177949
0.913	0.199996052171228	0.181599526095123	-4176.73413575761
0.914	0.198092285139328	-3.98250487755078	-4136.97570721693
0.915	0.192058737135384	-8.06358296417997	-4010.97059044478
0.916	0.182021194136991	-11.9765533858974	-3801.3457102265
0.917	0.168188916459624	-15.6398394635268	-3512.47127634082
0.918	0.150850276147211	-18.9770698778735	-3150.3696744628
0.919	0.130366745060162	-21.9186708408684	-2722.5899128959
0.920	0.107165358995786	-24.4033165533974	-2238.05024263779
0.921	0.081729814947252	-26.3792077110176	-1706.85223179845
0.922	0.0545903871034487	-27.8051514035661	-1140.07017050509
0.923	0.0263128718184365	-28.6514198951826	-549.52019672761
0.924	-0.00251320797668815	-28.900370381093	52.4860437620271
0.925	-0.0312868930080667	-28.5468128006193	653.398067661398
0.926	-0.0594083163154245	-27.5981180383338	1240.68820363553
0.927	-0.086291209136206	-26.0740642576052	1802.1127662381
0.928	-0.111375123297653	-24.0064245701399	2325.96730936094
0.929	-0.134137115307356	-21.438304637688	2801.33063774991
0.930	-0.15410264855517	-18.4232440154285	3218.29248949363
0.931	-0.170855486339868	-15.0240999720272	3568.16014281235
0.932	-0.184046369473182	-11.3117370562044	3843.63963986029
0.933	-0.193400297552492	-7.36354972943873	4038.98784942807
0.934	-0.198722262104004	-3.26184886458593	4150.13219838033
0.935	-0.199901312073146	0.907854251667111	4174.75557569411
0.936	-0.196912866905838	5.05863063782924	4112.34463903999
0.937	-0.189819228998053	9.10394589238871	3964.20051682109
0.938	-0.178768284830245	12.9594642424871	3733.41168255692
0.939	-0.163990421865079	16.5448067561125	3424.7895671198
0.940	-0.14579372548427	19.7852270630017	3044.76825116567
0.941	-0.124557556097607	22.6131696492427	2601.27032894633
0.942	-0.100724640327137	24.9696782385996	2103.54173994432
0.943	-0.0747918411475405	26.8056248989785	1561.9590117191
0.944	-0.0472997994047269	28.0827342498997	987.812932522634
0.945	-0.0188216626636868	28.7743814185524	393.073163623402
0.946	0.0100488636359732	28.8661471088271	-209.86130135213
0.947	0.0387098936101885	28.3561182113801	-808.420627697169
0.948	0.0665639089046161	27.2549276876837	-1390.12619255775
0.949	0.0930302156155071	25.5855328965681	-1942.85073630108
0.950	0.117557050458511	23.3827369846484	-2455.07118874861
0.951	0.139633083798708	20.6924633185825	-2916.1088994089
0.952	0.15879807972958	17.5707980856122	-3316.3522634509
0.953	0.174652490961993	14.0828210220402	-3647.45710216074
0.954	0.186865788491328	10.3012486463205	-3902.52062040091
0.955	0.195183352387754	6.30491828233238	-4076.22531444558
0.956	0.199431780052124	2.17714447755502	-4164.94983003692
0.957	0.199522501272244	-1.99601791886101	-4166.84445951984
0.958	0.195453624713635	-6.12756780716984	-4081.8697041083
0.959	0.187309977349631	-10.1313716153272	-3911.79709734661
0.960	0.175261336008764	-13.9239589912624	-3660.17227259849
0.961	0.159558887907701	-17.4262629729855	-3332.24104452345
0.962	0.140529993959756	-20.565268357849	-2934.8400455775
0.963	0.118571364032199	-23.2755339061789	-2476.25419752097
0.964	0.0941407864330492	-25.5005566447133	-1966.04398933506
0.965	0.0677475840490422	-27.1939498271855	-1414.84616241565
0.966	0.0399419961028616	-28.32040999421	-834.151958311104
0.967	0.0113037068963872	-28.8564529714263	-236.067552045067
0.968	-0.0175702393101695	-28.790903461998	366.938334549649
0.969	-0.046077885335336	-28.1251280265491	962.294377785275
0.970	-0.0736249105369557	-26.8730065934318	1537.58873609428
0.971	-0.0996370210679147	-25.0606430932747	2080.82780915727
0.972	-0.12357192261808	-22.7258212504265	2580.68627763836
0.973	-0.144930626037423	-19.9172168768341	3026.74321075579
0.974	-0.163267850143447	-16.6933830902636	3409.69931937485
0.975	-0.178201304837683	-13.1215296127855	3721.5708253824
0.976	-0.189419660998955	-9.2761215984372	3955.85590559866
0.977	-0.19668904099907	-5.23732720134913	4107.67024024502
0.978	-0.199857894528119	-1.0893462490899	4173.8488400839
0.979	-0.198860158079397	3.08134513537246	4153.01202936378
0.980	-0.193716632225721	7.18779736736317	4045.59420897196
0.981	-0.184534547974017	11.1444001048228	3853.83480014791
0.982	-0.17150533123872	14.8686670324085	3581.73155756038
0.983	-0.154900612039736	18.2829555166286	3234.9572250666
0.984	-0.13506656162419	21.3160852810526	2820.74127169357
0.985	-0.112416675570411	23.9048223558251	2347.71917338314
0.986	-0.0874231533301675	25.9951973644745	1825.75238263735
0.987	-0.060607053926537	27.5436306646675	1265.72273929659
0.988	-0.0325274330389551	28.517840886259	679.305608523002
0.989	-0.00376968794306227	28.8975179256367	78.7264755579371
0.990	0.0250666467128776	28.6747463659453	-523.493928295222
0.991	0.0533803978640944	27.8541704958184	-1114.80065490693
0.992	0.0805812871427486	26.4528974863518	-1682.86628190166
0.993	0.106102236861364	24.5001407448569	-2215.84791183621
0.994	0.129411192313903	22.036610880677	-2702.63407011557
0.995	0.150022213926106	19.1136669800571	-3133.07635438038
0.996	0.167505608008439	15.7922458841008	-3498.20100599131
0.997	0.181496884908233	12.1415917919564	-3790.39599282122
0.998	0.191704357803481	8.23781267418407	-4003.56970309477
0.999	0.197915223720534	4.16229359183238	-4133.2779418662
1.000	0.2	-2.09620318127362E-12	-4176.81658254102
1.001	0.197915223720529	-4.16229359183734	-4133.27794186609
1.002	0.191704357803473	-8.23781267418809	-4003.5697030946
1.003	0.18149688490822	-12.1415917919602	-3790.39599282097
1.004	0.167505608008426	-15.7922458841036	-3498.20100599104
1.005	0.150022213926091	-19.1136669800596	-3133.07635438006
1.006	0.129411192313889	-22.0366108806786	-2702.63407011529
1.007	0.106102236861349	-24.5001407448583	-2215.84791183589
1.008	0.0805812871427428	-26.4528974863521	-1682.86628190154
1.009	0.0533803978640884	-27.8541704958186	-1114.80065490681
1.010	0.025066646712877	-28.6747463659453	-523.49392829521
1.011	-0.00376968794306286	-28.8975179256367	78.7264755579494
1.012	-0.0325274330389557	-28.517840886259	679.305608523014
1.013	-0.0606070539265321	-27.5436306646677	1265.72273929648
1.014	-0.0874231533301629	-25.9951973644748	1825.75238263725
1.015	-0.112416675570402	-23.904822355826	2347.71917338295
1.016	-0.135066561624178	-21.3160852810542	2820.74127169332
1.017	-0.154900612039722	-18.2829555166311	3234.95722506631
1.018	-0.171505331238709	-14.8686670324113	3581.73155756014
1.019	-0.184534547974006	-11.1444001048265	3853.83480014769
1.020	-0.193716632225715	-7.18779736736706	4045.59420897182
1.021	-0.198860158079395	-3.08134513537646	4153.01202936371
1.022	-0.19985789452812	1.08934624908506	4173.84884008392
1.023	-0.196689040999076	5.23732720134436	4107.67024024515
1.024	-0.189419660998967	9.27612159843184	3955.85590559892
1.025	-0.178201304837703	13.1215296127797	3721.57082538283
1.026	-0.163267850143476	16.6933830902576	3409.69931937546
1.027	-0.144930626037458	19.9172168768288	3026.74321075652
1.028	-0.123571922618124	22.7258212504215	2580.68627763928
1.029	-0.0996370210679635	25.0606430932707	2080.82780915829
1.030	-0.073624910537008	26.8730065934289	1537.58873609537
1.031	-0.0460778853353963	28.125128026547	962.294377786534
1.032	-0.0175702393102312	28.7909034619973	366.938334550938
1.033	0.011303706896314	28.8564529714269	-236.067552043538
1.034	0.0399419961027897	28.3204099942121	-834.151958309604
1.035	0.0677475840489679	27.1939498271894	-1414.8461624141
1.036	0.0941407864329796	25.5005566447187	-1966.04398933361
1.037	0.11857136403213	23.2755339061862	-2476.25419751955
1.038	0.140529993959696	20.5652683578576	-2934.84004557624
1.039	0.15955888790765	17.4262629729952	-3332.24104452238
1.040	0.17526133600872	13.9239589912739	-3660.17227259758
1.041	0.1873099773496	10.1313716153394	-3911.79709734595
1.042	0.195453624713613	6.12756780718421	-4081.86970410785
1.043	0.199522501272237	1.99601791887568	-4166.84445951969
1.044	0.199431780052132	-2.17714447753954	-4164.94983003709
1.045	0.195183352387777	-6.30491828231723	-4076.22531444607
1.046	0.186865788491369	-10.3012486463052	-3902.52062040175
1.047	0.174652490962048	-14.0828210220259	-3647.45710216189
1.048	0.158798079729649	-17.5707980855992	-3316.35226345234
1.049	0.139633083798793	-20.6924633185705	-2916.10889941068
1.050	0.117557050458612	-23.3827369846379	-2455.07118875071
1.051	0.0930302156156223	-25.5855328965593	-1942.85073630349
1.052	0.0665639089047389	-27.2549276876775	-1390.12619256031
1.053	0.0387098936103218	-28.3561182113763	-808.420627699952
1.054	0.0100488636361088	-28.8661471088261	-209.861301354964
1.055	-0.018821662663546	-28.7743814185544	393.073163620459
1.056	-0.0472997994045894	-28.0827342499045	987.812932519763
1.057	-0.0747918411474093	-26.8056248989862	1561.95901171636
1.058	-0.100724640327005	-24.9696782386107	2103.54173994156
1.059	-0.124557556097487	-22.6131696492565	2601.27032894383
1.060	-0.145793725484162	-19.7852270630184	3044.7682511634
1.061	-0.163990421864988	-16.5448067561313	3424.7895671179
1.062	-0.178768284830172	-12.9594642425083	3733.41168255538
1.063	-0.189819228998001	-9.10394589241124	3964.20051682001
1.064	-0.196912866905809	-5.05863063785342	4112.34463903937
1.065	-0.19990131207314	-0.907854251691658	4174.755575694
1.066	-0.198722262104023	3.26184886456153	4150.13219838073
1.067	-0.193400297552538	7.36354972941339	4038.98784942903
1.068	-0.184046369473253	11.3117370561803	3843.63963986177
1.069	-0.170855486339965	15.0240999720041	3568.16014281438
1.070	-0.15410264855529	18.4232440154077	3218.29248949612
1.071	-0.134137115307499	21.4383046376693	2801.33063775289
1.072	-0.111375123297813	24.0064245701244	2325.96730936429
1.073	-0.086291209136385	26.0740642575928	1802.11276624184
1.074	-0.0594083163156139	27.5981180383253	1240.68820363949
1.075	-0.0312868930082683	28.5468128006147	653.398067665607
1.076	-0.00251320797689787	28.9003703810926	52.4860437664069
1.077	0.0263128718182286	28.6514198951866	-549.520196723268
1.078	0.0545903871032415	27.8051514035746	-1140.07017050076
1.079	0.0817298149470554	26.3792077110303	-1706.85223179435
1.080	0.107165358995599	24.4033165534145	-2238.05024263389
1.081	0.130366745059994	21.9186708408893	-2722.5899128924
1.082	0.150850276147062	18.9770698778982	-3150.36967445969
1.083	0.168188916459501	15.6398394635543	-3512.47127633825
1.084	0.182021194136894	11.9765533859279	-3801.34571022449
1.085	0.192058737135317	8.06358296421302	-4010.9705904434
1.086	0.198092285139295	3.98250487758487	-4136.97570721625
1.087	0.199996052171229	-0.181599526059886	-4176.73413575764
1.088	0.197730348947622	-4.34191798586172	-4129.41700178025
1.089	0.191342410311843	-8.41171716942029	-3996.01076166937
1.090	0.180965410493318	-12.3061508687347	-3779.29663707417
1.091	0.166815686722784	-15.9440288538221	-3483.79263265845
1.092	0.149188229085022	-19.2495095073725	-3115.65934581124
1.093	0.128450530635533	-22.1536809527998	-2682.57153197343
1.094	0.105034925992501	-24.5959977126937	-2193.55810315723
1.095	0.079429578127219	-26.5255429465745	-1658.81389533003
1.096	0.0521683012582583	-27.9020899531047	-1089.48712889244
1.097	0.0238194320192633	-28.6969408068163	-497.446993223837
1.098	-0.00502601908837365	-28.8935246456541	104.963799362434
1.099	-0.0337666889422546	-28.4877431363766	705.186331557567
1.100	-0.0618033988746998	-27.4880559156359	1290.70730638621
1.101	-0.0885516462075049	-25.9153042254787	1849.31992145406
1.102	-0.113453789825096	-23.8022764200763	2369.37835346793
1.103	-0.135990675744255	-21.1930244018944	2840.04054759781
1.104	-0.155692460313207	-18.1419452380797	3251.49425006406
1.105	-0.172148405400627	-14.7126471033071	3595.16157167667
1.106	-0.18501544136677	-10.9766231916428	3863.87781763435
1.107	-0.194025319297943	-7.01176124339233	4052.04085538232
1.108	-0.198990203396227	-2.90071975996659	4155.72790654286
1.109	-0.19980658693564	1.27079524094799	4172.77732806851
1.110	-0.196457450145801	5.41581700411948	4102.83367766352
1.111	-0.189012615036071	9.44793109904962	3947.35512396052
1.112	-0.177627289762865	13.2830769675262	3709.58304696677
1.113	-0.162538832886819	16.8413003982	3394.47446254264
1.114	-0.144061804977821	20.048420393018	3008.59867971076
1.115	-0.12258141073087	22.8375756750741	2560.00034525985
1.116	-0.0985454683099633	25.1506185966503	2058.03173085662
1.117	-0.0724550733412435	26.9393273875835	1513.15775910466
1.118	-0.0448541521902282	28.166411471292	936.737833319818
1.119	-0.016318122313994	28.8062888898694	340.789019385113
1.120	0.0125581039054972	28.8456196306752	-262.264483188769
1.121	0.0411725217536155	28.2835837357548	-859.850358027659
1.122	0.0689285846345549	27.1318983961275	-1439.51027656345
1.123	0.0952476407332592	25.414573674568	-1989.15962631293
1.124	0.119580996611202	23.1674119495128	-2497.33944801225
1.125	0.141421356237042	20.4372615155672	-2953.45532928158
1.126	0.160313396973944	17.2810399013725	-3347.99827442125
1.127	0.175863262037926	13.7645472664679	-3672.74294569882
1.128	0.18774677153064	9.9610946151755	-3920.91914323858
1.129	0.195716180865013	5.94997542617044	-4087.35294854292
1.130	0.199605345685629	1.81481256084633	-4168.57458911784
1.131	0.199333185606839	-2.35818508626315	-4162.89077546685
1.132	0.194905374557406	-6.48201985006822	-4070.4200023887
1.133	0.186414222491789	-10.4707190016086	-3893.09007862597
1.134	0.174036750934109	-14.2411270871128	-3634.59793636572
1.135	0.158031002475393	-17.7146395331765	-3300.332558474
1.136	0.138730661162862	-20.8188413762591	-2897.2626302596
1.137	0.116538095934057	-23.489016952669	-2433.79125797562
1.138	0.091915972124673	-25.6694990753691	-1919.58078285356
1.139	0.0653776059313904	-27.3148295702874	-1365.35134290532
1.140	0.0374762629175651	-28.3907069775467	-782.657382028764
1.141	0.00879362366400283	-28.8747016601645	-183.64676570216
1.142	-0.0200723429698067	-28.7567234118037	419.192474833697
1.143	-0.0485198461586537	-28.039231815001	1013.29249008902
1.144	-0.07595581910395	-26.7371849643737	1586.26762386932
1.145	-0.10180828314969	-24.8777276238113	2126.17262649829
1.146	-0.125538272257791	-22.4996253188767	2621.75168654945
1.147	-0.146651069244205	-19.6524561623246	3062.67308933284
1.148	-0.164706519525428	-16.3955772613672	3439.74461003212
1.149	-0.179328207356845	-12.7968872547828	3745.10515102713
1.150	-0.190211303258889	-8.93141077820017	3972.38862819233
1.151	-0.197128919029721	-4.87973436829249	4116.85668950862
1.152	-0.199936837856648	-0.726326413772743	4175.49749910231
1.153	-0.198576520914019	3.44222382153285	4147.08852728489
1.154	-0.193076327766779	7.53901139112089	4032.22203756202
1.155	-0.183550925136986	11.4786274395203	3833.29273926453
1.156	-0.17019889635919	15.178939785852	3554.44786321622
1.157	-0.153298601362179	18.5628051960533	3201.50070124948
1.158	-0.133202373487212	21.5596776467231	2781.80941207604
1.159	-0.110329174126097	24.1070790518835	2304.12362013968
1.160	-0.0851558583134624	26.1519017912978	1778.40200552092
1.161	-0.0582072333661303	27.6515158855371	1215.60468773744
1.162	-0.0300451178246457	28.5746577356809	627.464731771895
1.163	-0.0012566287936143	28.9020818994116	26.2435399163336
1.164	0.0275580581364274	28.6269623154306	-575.524771034297
1.165	0.0557982212073585	27.7550346115649	-1165.29467807593
1.166	0.0828751161981926	26.3044765297587	-1730.77079808312
1.167	0.108224250424944	24.3055289608215	-2260.16421903989
1.168	0.131317151150199	21.79986548951	-2742.43827248097
1.169	0.151672383057403	18.8397235935166	-3167.53862333838
1.170	0.168865585100121	15.4868156089279	-3526.60288033339
1.171	0.182538317480485	11.8110421660791	-3812.14535700813
1.172	0.192405534317072	7.88903491779376	-4018.21313154106
1.173	0.198261526213831	3.80255894086319	-4140.5101518491
1.174	0.19998420884077	-0.363191882879338	-4176.48679866237
1.175	0.197537668119112	-4.52137096839864	-4125.39303938195
1.176	0.190972908949491	-8.58528958446116	-3988.29406458165
1.177	0.180426791873877	-12.4702241197439	-3768.04808116744
1.178	0.16611917983947	-16.0951823805815	-3469.24672515805
1.179	0.148348354548119	-19.3845920970114	-3098.1193363463
1.180	0.127484797950167	-22.269876435531	-2662.40309050074
1.181	0.103963468524619	-24.6908836726554	-2171.18169656056
1.182	0.0782747333679573	-26.5971412237809	-1634.6960216263
1.183	0.0509541451372219	-27.948907883656	-1064.13059179175
1.184	0.022571276975265	-28.7180023416018	-471.380419797064
1.185	-0.00628215181505116	-28.8883906987926	131.196979375729
1.186	-0.0350046117944868	-28.4565207391746	731.039215043117
1.187	-0.0629973039305107	-27.4313959852239	1315.64091856167
1.188	-0.089676643217486	-25.8343879946459	1872.81445228705
1.189	-0.114486425118439	-23.6987908112095	2390.94399455267
1.190	-0.13690942118531	-21.0691268584199	2859.22770356447
1.191	-0.15647816211495	-18.0002187465946	3267.90291163633
1.192	-0.172784683438269	-14.5560463440877	3608.4496549703
1.193	-0.185489030666708	-10.8084129401714	3873.76829584082
1.194	-0.194326346582792	-6.83544830709068	4058.3275341581
1.195	-0.199112392920559	-2.7199798691083	4158.27972270007
1.196	-0.199747391321234	1.45219406399161	4171.5410819492
1.197	-0.196218103488785	5.59409299971355	4097.83514223353
1.198	-0.188598107178777	9.619367611526	3938.69850750082
1.199	-0.177046262266777	13.4440999291384	3697.44882056391
1.200	-0.161803398875353	16.9885528404399	3379.11559767036
1.201	-0.143187296604804	20.1788324318983	2990.33537434081
1.202	-0.12158605953942	22.9484285113432	2539.21334845035
1.203	-0.0974500251456178	25.2396011966726	2035.15440498628
1.204	-0.0712823757432424	27.0045846632211	1488.66704523647
1.205	-0.0436286482799295	28.2065829543415	911.144308047296
1.206	-0.0150653611062236	28.8205370947809	314.626250452215
1.207	0.0138120051422413	28.8336475142527	-288.451060581277
1.208	0.0424014219837817	28.2456408898415	-885.514812325893
1.209	0.0701068640376465	27.0687758441747	-1464.11756131195
1.210	0.0963507348197695	25.3275873805662	-2012.19673467613
1.211	0.120585908337281	23.0583753830855	-2518.32610781963
1.212	0.142307135441394	20.3084478451872	-2971.95401562762
1.213	0.161061577141832	17.1351346038841	-3363.62333108106
1.214	0.176458245286678	13.604592140904	-3685.16862519743
1.215	0.188176153790619	9.79042436805172	-3929.88639795723
1.216	0.195971010476716	5.77214815031494	-4092.67483128233
1.217	0.199680310021757	1.63353555712456	-4170.14015052903
1.218	0.199226721828694	-2.53913259787663	-4160.66737709688
1.219	0.194619702196583	-6.65886551877384	-4064.4539971194
1.220	0.185955297177903	-10.6397759908539	-3883.50584432003
1.221	0.173414140233241	-14.3988709368879	-3621.59528286646
1.222	0.15725768642775	-17.8577816371183	-3284.18256201731
1.223	0.137822761677972	-20.9443975417386	-2878.30198214076
1.224	0.115514540685021	-23.5943696145309	-2412.41524528903
1.225	0.0907980999485312	-25.7524518663091	-1896.23504764121
1.226	0.0641887219621106	-27.3736531101965	-1340.52259151729
1.227	0.0362411527261243	-28.4241749272187	-756.863238384388
1.228	0.00753803653469751	-28.8821162877232	-157.424979989623
1.229	-0.0213222308543424	-28.7379301388526	445.295237045926
1.230	-0.0497379774322773	-27.9946224392366	1038.73204460593
1.231	-0.0771167984548163	-26.6676894914804	1610.51361289275
1.232	-0.102887906755683	-24.7847948789233	2148.71957540035
1.233	-0.126514032382064	-22.3851927418152	2642.12954188769
1.234	-0.147502623471144	-19.5189094163122	3080.4570184129
1.235	-0.1654161148545	-16.2457004972875	3454.56385771892
1.236	-0.179881050312952	-12.6338050678611	3756.65076916017
1.237	-0.19059586830322	-8.75852306718553	3980.41991646346
1.238	-0.197337188841453	-4.70064545517341	4121.20621352504
1.239	-0.199964470476148	-0.544769901729874	4176.07458101904
1.240	-0.198422940262989	3.62246288540262	4143.88113623499
1.241	-0.192744735658202	7.71417542556765	4025.29704047331
1.242	-0.183048234524487	11.6450646663038	3822.79450683366
1.243	-0.16953558721742	15.3331803611472	3540.59526010274
1.244	-0.152488502202783	18.701633548934	3184.58252323713
1.245	-0.132262373065304	21.6801995166193	2762.17836532695
1.246	-0.109278869347497	24.2067818274404	2282.18896805979
1.247	-0.0840171456830602	26.2287068927002	1754.62103653385
1.248	-0.0570038524947358	27.7038220982493	1190.47318184367
1.249	-0.0288021565112175	28.6013745921878	601.506624644975
1.250	-7.77676282636929E-13	28.9026524130261	1.62410559658339E-08
1.251	0.0288021565096784	28.6013745922201	-601.506624612832
1.252	0.0570038524932396	27.7038220983136	-1190.47318181242
1.253	0.0840171456816435	26.2287068927949	-1754.62103650427
1.254	0.109278869346189	24.2067818275637	-2282.18896803248
1.255	0.132262373064133	21.6801995167685	-2762.17836530249
1.256	0.152488502201773	18.701633549106	-3184.58252321604
1.257	0.169535587216592	15.3331803613385	-3540.59526008545
1.258	0.18304823452386	11.6450646665095	-3822.79450682057
1.259	0.192744735657787	7.71417542578426	-4025.29704046464
1.260	0.198422940262794	3.62246288562643	-4143.88113623091
1.261	0.199964470476177	-0.544769901504324	-4176.07458101965
1.262	0.197337188841707	-4.70064545495082	-4121.20621353035
1.263	0.190595868303693	-8.75852306697055	-3980.41991647334
1.264	0.179881050313634	-12.6338050676582	-3756.65076917442
1.265	0.165416114855377	-16.2457004971009	-3454.56385773724
1.266	0.147502623472195	-19.5189094161464	-3080.45701843483
1.267	0.126514032383269	-22.385192741673	-2642.12954191285
1.268	0.102887906757022	-24.7847948788072	-2148.71957542831
1.269	0.0771167984562566	-26.6676894913934	-1610.51361292283
1.270	0.0497379774337893	-27.9946224391805	-1038.73204463751
1.271	0.0213222308558946	-28.7379301388285	-445.295237078341
1.272	-0.00753803653313758	-28.8821162877317	157.424979957045
1.273	-0.0362411527245891	-28.4241749272595	756.863238352327
1.274	-0.0641887219606322	-27.3736531102689	1340.52259148642
1.275	-0.0907980999471454	-25.7524518664112	1896.23504761227
1.276	-0.115514540683752	-23.5943696146607	2412.41524526251
1.277	-0.137822761676841	-20.944397541894	2878.30198211713
1.278	-0.157257686426786	-17.8577816372957	3284.18256199717
1.279	-0.173414140232463	-14.3988709370835	3621.59528285022
1.280	-0.185955297177328	-10.6397759910636	3883.50584430803
1.281	-0.194619702196223	-6.65886551899336	4064.45399711189
1.282	-0.199226721828557	-2.53913259810135	4160.66737709402
1.283	-0.199680310021845	1.63353555690015	4170.14015053086
1.284	-0.195971010477026	5.7721481500947	4092.67483128881
1.285	-0.188176153791148	9.79042436783947	3929.88639796828
1.286	-0.176458245287413	13.6045921407049	3685.16862521278
1.287	-0.161061577142757	17.1351346037024	3363.62333110039
1.288	-0.142307135442491	20.3084478450267	2971.95401565052
1.289	-0.120585908338526	23.0583753829495	2518.32610784563
1.290	-0.0963507348211374	25.3275873804576	2012.19673470469
1.291	-0.0701068640391031	27.0687758440959	1464.11756134237
1.292	-0.0424014219853017	28.2456408897938	885.514812357637
1.293	-0.013812005143793	28.8336475142372	288.451060613682
1.294	0.015065361104667	28.8205370947979	-314.626250419707
1.295	0.0436286482784061	28.2065829543907	-911.14430801548
1.296	0.0712823757417838	27.0045846633015	-1488.66704520601
1.297	0.0974500251442546	25.2396011967825	-2035.15440495781
1.298	0.121586059538181	22.9484285114803	-2539.21334842447
1.299	0.143187296603714	20.1788324320598	-2990.33537431805
1.300	0.161803398874439	16.9885528406218	-3379.11559765127
1.301	0.177046262266054	13.4440999293374	-3697.4488205488
1.302	0.188598107178257	9.61936761173873	-3938.69850748997
1.303	0.196218103488483	5.59409299993487	-4097.83514222722
1.304	0.199747391321156	1.45219406421691	-4171.54108194756
1.305	0.199112392920706	-2.71997986888371	-4158.27972270313
1.306	0.194326346583161	-6.83544830687149	-4058.32753416581
1.307	0.185489030667291	-10.8084129399622	-3873.76829585301
1.308	0.172784683439052	-14.5560463438935	-3608.44965498666
1.309	0.156478162115919	-18.0002187464187	-3267.90291165656
1.310	0.136909421186443	-21.069126858266	-2859.22770358815
1.311	0.114486425119719	-23.6987908110804	-2390.94399457941
1.312	0.0896766432188813	-25.8343879945448	-1872.81445231619
1.313	0.0629973039319923	-27.4313959851528	-1315.64091859261
1.314	0.0350046117960238	-28.4565207391351	-731.039215075215
1.315	0.00628215181661143	-28.8883906987855	-131.196979408314
1.316	-0.0225712769737139	-28.7180023416273	471.380419764672
1.317	-0.0509541451357179	-27.9489078837133	1064.13059176034
1.318	-0.078274733366526	-26.5971412238688	1634.69602159641
1.319	-0.103963468523286	-24.6908836727726	2171.18169653271
1.320	-0.127484797948964	-22.2698764356748	2662.40309047562
1.321	-0.148348354547073	-19.3845920971788	3098.11933632443
1.322	-0.1661191798386	-16.0951823807689	3469.2467251399
1.323	-0.180426791873204	-12.4702241199474	3768.04808115337
1.324	-0.190972908949027	-8.58528958467657	3988.29406457196
1.325	-0.197537668118868	-4.52137096862064	4125.39303937687
1.326	-0.19998420884075	-0.36319188310409	4176.48679866196
1.327	-0.198261526214037	3.80255894063956	4140.51015185339
1.328	-0.192405534317498	7.88903491757673	4018.21313154996
1.329	-0.182538317481123	11.8110421658732	3812.14535702145
1.330	-0.168865585100958	15.4868156087374	3526.60288035086
1.331	-0.151672383058421	18.8397235933455	3167.53862335963
1.332	-0.131317151151376	21.7998654893619	2742.43827250556
1.333	-0.108224250426252	24.3055289606999	2260.16421906721
1.334	-0.0828751161996082	26.3044765296656	1730.77079811268
1.335	-0.0557982212088521	27.7550346115022	1165.29467810713
1.336	-0.0275580581379735	28.6269623153996	575.524771066587
1.337	0.00125662879205329	28.9020818994131	-26.2435398837334
1.338	0.0300451178231024	28.5746577357148	-627.464731739664
1.339	0.0582072333646369	27.6515158856027	-1215.60468770625
1.340	0.08515585831205	26.1519017913939	-1778.40200549142
1.341	0.110329174124795	24.1070790520079	-2304.12362011249
1.342	0.133202373486051	21.5596776468728	-2781.80941205181
1.343	0.15329860136118	18.5628051962255	-3201.50070122862
1.344	0.17019889635837	15.178939786044	-3554.4478631991
1.345	0.183550925136366	11.4786274397274	-3833.29273925158
1.346	0.193076327766371	7.53901139133867	-4032.22203755352
1.347	0.198576520913833	3.44222382175684	-4147.088527281
1.348	0.199936837856687	-0.726326413547224	-4175.49749910313
1.349	0.197128919029984	-4.87973436807013	-4116.85668951412
1.350	0.19021130325937	-8.9314107779864	-3972.38862820237
1.351	0.179328207357534	-12.7968872545812	-3745.10515104151
1.352	0.164706519526311	-16.3955772611821	-3439.74461005055
1.353	0.146651069245267	-19.6524561621592	-3062.67308935501
1.354	0.125538272259006	-22.4996253187351	-2621.75168657483
1.355	0.101808283151034	-24.8777276236965	-2126.17262652635
1.356	0.0759558191053941	-26.7371849642881	-1586.26762389948
1.357	0.0485198461601681	-28.0392318149463	-1013.29249012065
1.358	0.0200723429713599	-28.7567234117811	-419.192474866133
1.359	-0.00879362366244898	-28.8747016601744	183.64676566971
1.360	-0.0374762629160373	-28.3907069775888	782.657381996858
1.361	-0.0653776059299151	-27.3148295703611	1365.35134287451
1.362	-0.0919159721232866	-25.6694990754728	1919.58078282461
1.363	-0.116538095932788	-23.4890169528005	2433.79125794913
1.364	-0.138730661161737	-20.8188413764155	2897.26263023612
1.365	-0.158031002474436	-17.7146395333548	3300.33255845402
1.366	-0.174036750933339	-14.2411270873091	3634.59793634966
1.367	-0.186414222491225	-10.4707190018181	3893.0900786142
1.368	-0.194905374557057	-6.48201985028726	4070.42000238141
1.369	-0.199333185606711	-2.35818508648798	4162.89077546419
1.370	-0.199605345685727	1.81481256062118	4168.57458911989
1.371	-0.195716180865335	5.94997542594968	4087.35294854963
1.372	-0.187746771531178	9.96109461496373	3920.91914324981
1.373	-0.175863262038669	13.7645472662695	3672.74294571435
1.374	-0.160313396974877	17.2810399011917	3347.99827444074
1.375	-0.141421356238142	20.4372615154083	2953.45532930455
1.376	-0.119580996612449	23.1674119493784	2497.33944803829
1.377	-0.0952476407346269	25.414573674461	1989.15962634149
1.378	-0.0689285846360204	27.1318983960498	1439.51027659406
1.379	-0.0411725217551431	28.2835837357084	859.850358059561
1.380	-0.0125581039070552	28.8456196306611	262.264483221306
1.381	0.0163181223124382	28.8062888898878	-340.789019352621
1.382	0.044854152188707	28.1664114713426	-936.737833288048
1.383	0.0724550733397884	26.9393273876652	-1513.15775907427
1.384	0.0985454683086099	25.1506185967611	-2058.03173082836
1.385	0.122581410729641	22.8375756752119	-2560.00034523419
1.386	0.144061804976738	20.0484203931805	-3008.59867968815
1.387	0.162538832885909	16.8413003983834	-3394.47446252364
1.388	0.177627289762148	13.2830769677265	-3709.58304695179
1.389	0.189012615035561	9.44793109926282	-3947.35512394987
1.390	0.196457450145508	5.41581700434108	-4102.83367765742
1.391	0.199806586935571	1.27079524117336	-4172.77732806708
1.392	0.198990203396384	-2.90071975974296	-4155.72790654612
1.393	0.19402531929832	-7.01176124317428	-4052.0408553902
1.394	0.185015441367361	-10.9766231914349	-3863.87781764669
1.395	0.172148405401422	-14.712647103113	-3595.16157169326
1.396	0.155692460314187	-18.1419452379041	-3251.49425008453
1.397	0.1359906757454	-21.193024401741	-2840.04054762172
1.398	0.113453789826382	-23.8022764199483	-2369.37835349477
1.399	0.0885516462089046	-25.9153042253788	-1849.31992148329
1.400	0.0618033988761844	-27.4880559155662	-1290.70730641722
1.401	0.0337666889437876	-28.4877431363386	-705.186331589582
1.402	0.00502601908992851	-28.8935246456484	-104.963799394906
1.403	-0.0238194320177134	-28.6969408068432	497.446993191468
1.404	-0.0521683012567513	-27.9020899531636	1089.48712886097
1.405	-0.0794295781257863	-26.5255429466641	1658.81389530011
1.406	-0.105034925991172	-24.5959977128122	2193.55810312948
1.407	-0.128450530634336	-22.1536809529447	2682.57153194844
1.408	-0.149188229083983	-19.2495095075408	3115.65934578953
1.409	-0.166815686721926	-15.9440288540095	3483.79263264053
1.410	-0.180965410492656	-12.3061508689381	3779.29663706033
1.411	-0.191342410311389	-8.41171716963611	3996.01076165989
1.412	-0.197730348947388	-4.34191798608475	4129.41700177536
1.413	-0.199996052171219	-0.181599526285472	4176.73413575743
1.414	-0.19809228513951	3.98250487736143	4136.97570722074
1.415	-0.192058737135753	8.06358296399639	4010.97059045249
1.416	-0.182021194137541	11.9765533857226	3801.345710238
1.417	-0.168188916460343	15.6398394633653	3512.47127635583
1.418	-0.150850276148083	18.9770698777286	3150.36967448102
1.419	-0.130366745061173	21.9186708407428	2722.58991291703
1.420	-0.107165358996917	24.4033165532936	2238.05024266142
1.421	-0.0817298149484802	26.3792077109382	1706.8522318241
1.422	-0.0545903871047433	27.8051514035131	1140.07017053212
1.423	-0.0263128718197761	28.651419895157	549.520196755585
1.424	0.00251320797533695	28.9003703810954	-52.4860437338086
1.425	0.0312868930067264	28.54681280065	-653.398067633408
1.426	0.0594083163141287	27.5981180383921	-1240.68820360847
1.427	0.0862912091349819	26.0740642576898	-1802.11276621254
1.428	0.111375123296517	24.00642457025	-2325.96730933721
1.429	0.134137115306341	21.4383046378206	-2801.33063772871
1.430	0.154102648554295	18.4232440155815	-3218.29248947534
1.431	0.170855486339154	15.0240999721968	-3568.16014279744
1.432	0.184046369472642	11.3117370563879	-3843.63963984901
1.433	0.19340029755214	7.36354972963154	-4038.98784942073
1.434	0.198722262103848	3.26184886478486	-4150.13219837707
1.435	0.199901312073189	-0.907854251467	-4174.75557569502
1.436	0.196912866906081	-5.05863063763212	-4112.34463904505
1.437	0.189819228998493	-9.10394589219713	-3964.20051683028
1.438	0.178768284830872	-12.9594642423067	-3733.41168257
1.439	0.163990421865882	-16.5448067559463	-3424.78956713656
1.440	0.145793725485231	-19.7852270628539	-3044.76825118572
1.441	0.124557556098708	-22.613169649116	-2601.27032896934
1.442	0.100724640328353	-24.9696782384971	-2103.54173996973
1.443	0.0747918411488518	-26.8056248989021	-1561.95901174649
1.444	0.0472997994061006	-28.0827342498513	-987.812932551323
1.445	0.0188216626651001	-28.7743814185331	-393.073163652915
1.446	-0.0100488636345498	-28.8661471088375	209.861301322404
1.447	-0.0387098936087903	-28.35611821142	808.420627667968
1.448	-0.0665639089032668	-27.2549276877525	1390.12619252957
1.449	-0.0930302156142404	-25.5855328966643	1942.85073627463
1.450	-0.117557050457349	-23.3827369847705	2455.07118872433
1.451	-0.139633083797679	-20.6924633187275	2916.10889938742
1.452	-0.158798079728703	-17.5707980857777	3316.35226343259
1.453	-0.174652490961288	-14.0828210222229	3647.45710214601
1.454	-0.186865788490812	-10.301248646516	3902.52062039013
1.455	-0.195183352387437	-6.30491828253738	4076.22531443896
1.456	-0.199431780052015	-2.17714447776449	4164.94983003464
1.457	-0.199522501272344	1.99601791865063	4166.84445952195
1.458	-0.195453624713944	6.12756780696375	4081.86970411476
1.459	-0.187309977350145	10.1313716151289	3911.79709735733
1.460	-0.17526133600947	13.9239589910769	3660.17227261323
1.461	-0.159558887908588	17.4262629728159	3332.24104454197
1.462	-0.140529993960807	20.5652683576991	2934.84004559944
1.463	-0.118571364033388	23.2755339060524	2476.2541975458
1.464	-0.0941407864343569	25.5005566446125	1966.04398936237
1.465	-0.0677475840504367	27.193949827113	1414.84616244478
1.466	-0.0399419961043193	28.320409994167	834.151958341548
1.467	-0.0113037068978726	28.8564529714142	236.067552076087
1.468	0.0175702393086818	28.790903462017	-366.938334518581
1.469	0.0460778853338828	28.1251280265988	-962.294377754925
1.470	0.0736249105355566	26.8730065935119	-1537.58873606506
1.471	0.09963702106661	25.060643093383	-2080.82780913003
1.472	0.123571922616897	22.7258212505608	-2580.68627761365
1.473	0.144930626036382	19.9172168769923	-3026.74321073406
1.474	0.163267850142574	16.6933830904418	-3409.69931935663
1.475	0.178201304836995	13.1215296129807	-3721.57082536803
1.476	0.189419660998468	9.27612159864471	-3955.8559055885
1.477	0.196689040998794	5.23732720156541	-4107.67024023926
1.478	0.199857894528061	1.08934624930967	-4173.8488400827
1.479	0.198860158079561	-3.08134513515216	-4153.01202936719
1.480	0.193716632226103	-7.18779736714856	-4045.59420897993
1.481	0.184534547974608	-11.1444001046183	-3853.83480016026
1.482	0.171505331239512	-14.8686670322178	-3581.73155757692
1.483	0.154900612040709	-18.2829555164564	-3234.95722508693
1.484	0.135066561625329	-21.3160852809019	-2820.74127171736
1.485	0.112416675571689	-23.9048223556997	-2347.71917340981
1.486	0.0874231533315618	-25.9951973643765	-1825.75238266647
1.487	0.0606070539280198	-27.5436306645993	-1265.72273932755
1.488	0.032527433040496	-28.5178408862223	-679.305608555181
1.489	0.00376968794462362	-28.8975179256324	-78.7264755905444
1.490	-0.0250666467113283	-28.6747463659735	523.493928262866
1.491	-0.053380397862584	-27.8541704958788	1114.80065487539
1.492	-0.0805812871413141	-26.452897486443	1682.8662818717
1.493	-0.106102236860031	-24.5001407449775	2215.84791180836
1.494	-0.129411192312703	-22.0366108808241	2702.63407009052
1.495	-0.150022213925058	-19.1136669802289	3133.0763543585
1.496	-0.167505608007573	-15.7922458842925	3498.20100597323
1.497	-0.181496884907565	-12.141591792165	3790.39599280727
1.498	-0.191704357803028	-8.23781267440432	4003.56970308531
1.499	-0.197915223720304	-4.16229359206058	4133.2779418614
1.500	-0.2	-2.27686738839019E-10	4176.81658254102
1.501	-0.197915223720757	4.16229359160996	4133.27794187087
1.502	-0.191704357803926	8.23781267396784	4003.56970310407
1.503	-0.181496884908888	12.1415917917517	3790.39599283492
1.504	-0.167505608009298	15.7922458839104	3498.20100600925
1.505	-0.150022213927146	19.1136669798867	3133.07635440209
1.506	-0.129411192315106	22.0366108805294	2702.6340701407
1.507	-0.106102236862702	24.5001407447359	2215.84791186414
1.508	-0.0805812871441981	26.4528974862596	1682.86628193193
1.509	-0.0533803978656207	27.8541704957573	1114.80065493881
1.510	-0.0250666467144545	28.6747463659165	523.493928328154
1.511	0.00376968794147309	28.897517925641	-78.7264755247486
1.512	0.0325274330373812	28.5178408862965	-679.305608490132
1.513	0.0606070539250114	27.5436306647376	-1265.72273926473
1.514	0.0874231533287277	25.9951973645756	-1825.75238260728
1.515	0.112416675569082	23.9048223559556	-2347.71917335539
1.516	0.135066561623005	21.3160852812094	-2820.74127166882
1.517	0.154900612038716	18.2829555168091	-3234.95722504531
1.518	0.171505331237891	14.8686670326083	-3581.73155754306
1.519	0.184534547973393	11.1444001050385	-3853.83480013489
1.520	0.193716632225319	7.18779736758963	-4045.59420896356
1.521	0.198860158079224	3.08134513560575	-4153.01202936016
1.522	0.19985789452818	-1.08934624885462	-4173.84884008518
1.523	0.196689040999365	-5.23732720111758	-4107.67024025119
1.524	0.189419660999479	-9.27612159821343	-3955.85590560961
1.525	0.178201304838425	-13.121529612575	-3721.5708253979
1.526	0.163267850144394	-16.69338309007	-3409.69931939464
1.527	0.144930626038554	-19.9172168766623	-3026.7432107794
1.528	0.123571922619374	-22.7258212502795	-2580.68627766539
1.529	0.0996370210693471	-25.0606430931558	-2080.82780918719
1.530	0.0736249105384916	-26.873006593344	-1537.58873612635
1.531	0.0460778853369491	-28.1251280264939	-962.294377818963
1.532	0.0175702393118207	-28.790903461977	-366.938334584134
1.533	-0.0113037068947265	-28.8564529714399	236.067552010384
1.534	-0.0399419961012317	-28.320409994258	834.151958277066
1.535	-0.0677475840474719	-27.1939498272672	1414.84616238286
1.536	-0.0941407864315767	-25.5005566448268	1966.04398930431
1.537	-0.118571364030845	-23.2755339063229	2476.25419749271
1.538	-0.140529993958561	-20.5652683580197	2934.84004555253
1.539	-0.159558887906688	-17.4262629731792	3332.24104450229
1.540	-0.175261336007952	-13.923958991476	3660.17227258153
1.541	-0.18730997734904	-10.1313716155554	3911.79709733427
1.542	-0.195453624713276	-6.12756780740877	4081.86970410081
1.543	-0.199522501272127	-1.99601791910491	4166.8444595174
1.544	-0.199431780052252	2.17714447731041	4164.94983003959
1.545	-0.195183352388124	6.30491828209298	4076.22531445332
1.546	-0.186865788491937	10.3012486460898	3902.52062041363
1.547	-0.174652490962826	14.0828210218245	3647.45710217813
1.548	-0.158798079730619	17.5707980854161	3316.3522634726
1.549	-0.139633083799935	20.6924633184095	2916.10889943454
1.550	-0.117557050459898	23.3827369845028	2455.07118877757
1.551	-0.0930302156170299	25.5855328964524	1942.85073633288
1.552	-0.0665639089062383	27.254927687601	1390.12619259163
1.553	-0.0387098936118818	28.3561182113319	808.420627732531
1.554	-0.0100488636377025	28.8661471088145	209.861301388247
1.555	0.0188216626619573	28.7743814185761	-393.073163587282
1.556	0.0472997994030389	28.082734249959	-987.812932487383
1.557	0.0747918411459293	26.8056248990724	-1561.95901168546
1.558	0.100724640325631	24.9696782387264	-2103.54173991287
1.559	0.124557556096243	22.6131696493996	-2601.27032891785
1.560	0.145793725483073	19.7852270631859	-3044.76825114067
1.561	0.163990421864078	16.5448067563197	-3424.78956709889
1.562	0.178768284829459	12.9594642427137	-3733.41168254049
1.563	0.189819228997499	9.1039458926301	-3964.20051680951
1.564	0.196912866905529	5.05863063808046	-4112.34463903353
1.565	0.19990131207309	0.907854251922149	-4174.75557569295
1.566	0.198722262104203	-3.26184886433239	-4150.13219838449
1.567	0.193400297552943	-7.36354972919119	-4038.98784943749
1.568	0.184046369473875	-11.3117370559689	-3843.63963987476
1.569	0.170855486340792	-15.0240999718078	-3568.16014283164
1.570	0.154102648556303	-18.4232440152306	-3218.29248951729
1.571	0.134137115308683	-21.4383046375146	-2801.33063777761
1.572	0.111375123299139	-24.006424569996	-2325.96730939197
1.573	0.0862912091378246	-26.0740642574933	-1802.1127662719
1.574	0.0594083163171376	-27.5981180382568	-1240.68820367131
1.575	0.0312868930098387	-28.5468128005788	-653.398067698405
1.576	0.00251320797848779	-28.9003703810897	-52.4860437996109
1.577	-0.0263128718166524	-28.6514198952169	549.52019669035
1.578	-0.0545903871017118	-27.8051514036374	1140.07017046882
1.579	-0.081729814945599	-26.3792077111246	1706.85223176393
1.580	-0.107165358994252	-24.4033165535381	2238.05024260576
1.581	-0.130366745058784	-21.9186708410396	2722.58991286712
1.582	-0.150850276146014	-18.9770698780721	3150.36967443781
1.583	-0.168188916458638	-15.6398394637482	3512.47127632022
1.584	-0.182021194136235	-11.9765533861371	3801.34571021073
1.585	-0.192058737134874	-8.06358296443368	4010.97059043413
1.586	-0.198092285139076	-3.98250487781246	4136.97570721167
1.587	-0.199996052171239	0.181599525830108	4176.73413575785
1.588	-0.197730348947862	4.34191798563373	4129.41700178526
1.589	-0.191342410312308	8.41171716919966	3996.01076167907
1.590	-0.180965410493998	12.3061508685261	3779.29663708835
1.591	-0.166815686723664	15.9440288536297	3483.79263267683
1.592	-0.149188229086081	19.2495095072011	3115.65934583336
1.593	-0.128450530636751	22.1536809526522	2682.57153199888
1.594	-0.105034925993854	24.595997712573	2193.55810318549
1.595	-0.0794295781286783	26.5255429464833	1658.8138953605
1.596	-0.0521683012597988	27.9020899530446	1089.48712892462
1.597	-0.0238194320208477	28.6969408067889	497.446993256925
1.598	0.00502601908677842	28.8935246456599	-104.963799329119
1.599	0.0337666889406818	28.4877431364155	-705.18633152472
1.600	0.0618033988731875	27.4880559157069	-1290.70730635463
1.601	0.0885516462060792	25.9153042255804	-1849.31992142428
1.602	0.113453789823787	23.8022764202067	-2369.37835344058
1.603	0.135990675743089	21.1930244020507	-2840.04054757346
1.604	0.155692460312209	18.1419452382586	-3251.49425004322
1.605	0.172148405399815	14.7126471035056	-3595.1615716597
1.606	0.185015441366164	10.9766231918561	-3863.8778176217
1.607	0.194025319297556	7.01176124361605	-4052.04085537423
1.608	0.198990203396067	2.90071976019603	-4155.72790653952
1.609	0.19980658693571	-1.27079524071843	-4172.77732806997
1.610	0.196457450146099	-5.41581700389377	-4102.83367766975
1.611	0.189012615036591	-9.44793109883246	-3947.35512397138
1.612	0.177627289763596	-13.2830769673221	-3709.58304698203
1.613	0.162538832887748	-16.8413003980126	-3394.47446256205
1.614	0.144061804978928	-20.0484203928519	-3008.59867973388
1.615	0.122581410732131	-22.8375756749328	-2560.00034528618
1.616	0.0985454683113519	-25.1506185965367	-2058.03173088562
1.617	0.0724550733427255	-26.9393273875002	-1513.15775913561
1.618	0.0448541521917778	-28.1664114712405	-936.737833352179
1.619	0.0163181223155787	-28.8062888898506	-340.789019418209
1.620	-0.0125581039039103	-28.8456196306897	262.264483155628
1.621	-0.0411725217520539	-28.2835837358023	859.850357995047
1.622	-0.068928584633057	-27.131898396207	1439.51027653217
1.623	-0.095247640731856	-25.4145736746778	1989.15962628363
1.624	-0.119580996609923	-23.1674119496507	2497.33944798554
1.625	-0.141421356235913	-20.4372615157303	2953.45532925802
1.626	-0.160313396972993	-17.2810399015567	3347.9982744014
1.627	-0.175863262037169	-13.7645472666699	3672.74294568301
1.628	-0.187746771530092	-9.9610946153912	3920.91914322713
1.629	-0.195716180864686	-5.9499754263953	4087.35294853608
1.630	-0.199605345685529	-1.81481256107648	4168.57458911575
1.631	-0.199333185606969	2.35818508603331	4162.89077546957
1.632	-0.194905374557763	6.48201984984349	4070.42000239617
1.633	-0.186414222492367	10.4707190013936	3893.09007863804
1.634	-0.174036750934892	14.2411270869128	3634.59793638209
1.635	-0.158031002476367	17.7146395329949	3300.33255849435
1.636	-0.138730661164007	20.8188413760997	2897.26263028352
1.637	-0.116538095935349	23.4890169525351	2433.79125800261
1.638	-0.0919159721260903	25.6694990752632	1919.58078288316
1.639	-0.0653776059328984	27.314829570212	1365.35134293681
1.640	-0.0374762629191326	28.3907069775035	782.657382061499
1.641	-0.00879362366559702	28.8747016601544	183.646765735454
1.642	0.0200723429682247	28.7567234118268	-419.192474800658
1.643	0.0485198461571112	28.0392318150568	-1013.2924900568
1.644	0.0759558191024791	26.737184964461	-1586.2676238386
1.645	0.101808283148322	24.8777276239283	-2126.17262646971
1.646	0.125538272256553	22.4996253190209	-2621.7516865236
1.647	0.14665106924312	19.6524561624937	-3062.67308931018
1.648	0.164706519524523	16.3955772615571	-3439.74461001322
1.649	0.179328207356139	12.7968872549895	-3745.10515101237
1.650	0.190211303258396	8.93141077841949	-3972.38862818203
1.651	0.197128919029452	4.87973436851897	-4116.85668950301
1.652	0.199936837856608	0.726326414002454	-4175.49749910148
1.653	0.198576520914208	-3.44222382130471	-4147.08852728884
1.654	0.193076327767193	-7.53901139089906	-4032.22203757069
1.655	0.183550925137619	-11.4786274393087	-3833.29273927777
1.656	0.170198896360028	-15.1789397856557	-3554.44786323373
1.657	0.153298601363204	-18.5628051958765	-3201.50070127088
1.658	0.133202373488402	-21.5596776465695	-2781.80941210089
1.659	0.110329174127423	-24.1070790517567	-2304.12362016738
1.660	0.0851558583149011	-26.1519017912	-1778.40200555096
1.661	0.0582072333676516	-27.6515158854702	-1215.60468776921
1.662	0.0300451178262178	-28.5746577356464	-627.464731804725
1.663	0.00125662879521	-28.9020818994102	-26.2435399496584
1.664	-0.0275580581348469	-28.6269623154624	575.524771001289
1.665	-0.0557982212058261	-27.7550346116292	1165.29467804393
1.666	-0.0828751161967403	-26.3044765298543	1730.77079805279
1.667	-0.108224250423602	-24.3055289609463	2260.16421901187
1.668	-0.131317151148999	-21.7998654896609	2742.43827245593
1.669	-0.151672383056367	-18.8397235936908	3167.53862331673
1.670	-0.168865585099269	-15.4868156091219	3526.6028803156
1.671	-0.182538317479835	-11.8110421662888	3812.14535699456
1.672	-0.192405534316637	-7.8890349180156	4018.21313153196
1.673	-0.198261526213621	-3.80255894109179	4140.51015184472
1.674	-0.19998420884079	0.363191882648752	4176.48679866279
1.675	-0.197537668119361	4.52137096817087	4125.39303938716
1.676	-0.190972908949963	8.58528958424175	3988.29406459151
1.677	-0.180426791874563	12.4702241195366	3768.04808118177
1.678	-0.166119179840355	16.0951823803907	3469.24672517654
1.679	-0.148348354549186	19.384592096841	3098.11933636857
1.680	-0.127484797951396	22.269876435384	2662.40309052642
1.681	-0.103963468525983	24.6908836725355	2171.18169658903
1.682	-0.0782747333694257	26.5971412236906	1634.69602165697
1.683	-0.050954145138765	27.9489078835973	1064.13059182398
1.684	-0.0225712769768448	28.7180023415759	471.380419830059
1.685	0.0062821518134619	28.8883906987999	-131.196979342539
1.686	0.0350046117929213	28.4565207392148	-731.039215010423
1.687	0.0629973039290016	27.4313959852963	-1315.64091853015
1.688	0.0896766432160647	25.834387994749	-1872.81445225737
1.689	0.11448642511713	23.6987908113415	-2390.94399452535
1.690	0.136909421184146	21.0691268585777	-2859.22770354017
1.691	0.156478162113957	18.000218746775	-3267.90291161557
1.692	0.172784683437465	14.5560463442869	-3608.44965495352
1.693	0.185489030666113	10.8084129403846	-3873.7682958284
1.694	0.194326346582416	6.83544830731395	-4058.32753415024
1.695	0.199112392920409	2.71997986933706	-4158.27972269694
1.696	0.199747391321314	-1.45219406376211	-4171.54108195087
1.697	0.196218103489094	-5.5940929994873	-4097.83514223998
1.698	0.188598107179308	-9.61936761130854	-3938.69850751191
1.699	0.17704626226752	-13.4440999289343	-3697.44882057941
1.700	0.161803398876291	-16.9885528402534	-3379.11559768995
1.701	0.143187296605914	-20.1788324317338	-2990.33537436399
1.702	0.121586059540683	-22.9484285112035	-2539.21334847672
1.703	0.0974500251470063	-25.2396011965606	-2035.15440501527
1.704	0.071282375744728	-27.0045846631392	-1488.6670452675
1.705	0.0436286482814868	-28.2065829542912	-911.144308079819
1.706	0.0150653611078148	-28.8205370947636	-314.626250485446
1.707	-0.0138120051406494	-28.8336475142686	288.451060548031
1.708	-0.0424014219822222	-28.2456408898903	885.514812293325
1.709	-0.070106864036152	-27.0687758442555	1464.11756128074
1.710	-0.0963507348183761	-25.3275873806769	2012.19673464703
1.711	-0.120585908336012	-23.0583753832241	2518.32610779313
1.712	-0.142307135440276	-20.3084478453507	2971.95401560428
1.713	-0.161061577140889	-17.1351346040691	3363.62333106138
1.714	-0.176458245285927	-13.6045921411074	3685.16862518174
1.715	-0.188176153790079	-9.79042436826869	3929.88639794594
1.716	-0.195971010476397	-5.7721481505409	4092.67483127567
1.717	-0.199680310021667	-1.6335355573548	4170.14015052715
1.718	-0.199226721828834	2.53913259764774	4160.6673770998
1.719	-0.194619702196949	6.65886551855024	4064.45399712705
1.720	-0.185955297178488	10.6397759906402	3883.50584433225
1.721	-0.173414140234033	14.3988709366887	3621.59528288301
1.722	-0.157257686428736	17.857781636937	3284.1825620379
1.723	-0.137822761679128	20.9443975415796	2878.3019821649
1.724	-0.115514540686324	23.5943696143977	2412.41524531623
1.725	-0.090798099949953	25.7524518662044	1896.2350476709
1.726	-0.0641887219636166	27.3736531101228	1340.52259154874
1.727	-0.0362411527276881	28.424174927177	756.863238417045
1.728	-0.00753803653628642	28.8821162877146	157.424980022806
1.729	0.0213222308527615	28.7379301388771	-445.295237012909
1.730	0.0497379774307372	27.9946224392938	-1038.73204457377
1.731	0.0771167984533439	26.6676894915693	-1610.513612862
1.732	0.102887906754315	24.7847948790419	-2148.71957537177
1.733	0.126514032380829	22.3851927419611	-2642.12954186188
1.734	0.147502623470067	19.5189094164823	-3080.45701839039
1.735	0.165416114853606	16.2457004974776	-3454.56385770025
1.736	0.179881050312257	12.6338050680678	-3756.65076914565
1.737	0.190595868302738	8.75852306740451	-3980.4199164534
1.738	0.197337188841194	4.70064545540013	-4121.20621351964
1.739	0.199964470476118	0.544769901960438	-4176.07458101841
1.740	0.198422940263189	-3.62246288517383	-4143.88113623917
1.741	0.192744735658628	-7.71417542534541	-4025.29704048221
1.742	0.183048234525129	-11.6450646660927	-3822.79450684709
1.743	0.169535587218263	-15.3331803609525	-3540.59526012036
1.744	0.152488502203812	-18.7016335487588	-3184.58252325862
1.745	0.132262373066497	-21.6801995164673	-2762.17836535186
1.746	0.109278869348828	-24.2067818273149	-2282.1889680876
1.747	0.0840171456845031	-26.2287068926036	-1754.62103656398
1.748	0.0570038524962654	-27.7038220981836	-1190.47318187562
1.749	0.0288021565127966	-28.6013745921546	-601.506624677953
1.750	2.37340806194596E-12	-28.9026524130261	-4.95664507513621E-08
1.751	-0.0288021565080993	-28.6013745922534	601.506624579854
1.752	-0.0570038524917155	-27.7038220983791	1190.4731817806
1.753	-0.0840171456802006	-26.2287068928915	1754.62103647413
1.754	-0.109278869344858	-24.2067818276892	2282.18896800467
1.755	-0.132262373062941	-21.6801995169204	2762.17836527758
1.756	-0.15248850220074	-18.7016335492818	3184.58252319447
1.757	-0.169535587215745	-15.333180361534	3540.59526006777
1.758	-0.183048234523217	-11.6450646667206	3822.79450680715
1.759	-0.192744735657361	-7.7141754260065	4025.29704045575
1.760	-0.198422940262594	-3.6224628858544	4143.88113622675
1.761	-0.199964470476207	0.544769901274582	4176.07458102028
1.762	-0.197337188841965	4.7006454547241	4121.20621353575
1.763	-0.190595868304175	8.75852306675157	3980.4199164834
1.764	-0.179881050314332	12.6338050674508	3756.65076918898
1.765	-0.165416114856274	16.2457004969102	3454.56385775597
1.766	-0.147502623473272	19.5189094159764	3080.45701845734
1.767	-0.126514032384505	22.3851927415271	2642.12954193866
1.768	-0.102887906758385	24.784794878689	2148.71957545678
1.769	-0.0771167984577237	26.6676894913048	1610.51361295347
1.770	-0.0497379774353294	27.9946224391234	1038.73204466967
1.771	-0.0213222308574756	28.737930138804	445.295237111358
1.772	0.00753803653154298	28.8821162877404	-157.424979923743
1.773	0.0362411527230198	28.4241749273013	-756.863238319554
1.774	0.0641887219591209	27.3736531103429	-1340.52259145485
1.775	0.0907980999457236	25.7524518665159	-1896.23504758257
1.776	0.115514540682449	23.5943696147939	-2412.41524523531
1.777	0.137822761675688	20.9443975420524	-2878.30198209307
1.778	0.157257686425803	17.8577816374763	-3284.18256197665
1.779	0.173414140231671	14.3988709372827	-3621.59528283368
1.780	0.185955297176743	10.6397759912773	-3883.5058442958
1.781	0.194619702195857	6.65886551921696	-4064.45399710424
1.782	0.199226721828417	2.53913259833024	-4160.6673770911
1.783	0.199680310021935	-1.63353555667074	-4170.14015053274
1.784	0.195971010477344	-5.77214814986955	-4092.67483129544
1.785	0.188176153791688	-9.79042436762249	-3929.88639797956
1.786	0.176458245288164	-13.6045921405015	-3685.16862522846
1.787	0.161061577143703	-17.1351346035167	-3363.62333112015
1.788	0.142307135443612	-20.3084478448626	-2971.95401567394
1.789	0.120585908339799	-23.0583753828105	-2518.32610787222
1.790	0.0963507348225358	-25.3275873803465	-2012.1967347339
1.791	0.0701068640405976	-27.0687758440151	-1464.11756137358
1.792	0.0424014219868612	-28.2456408897449	-885.514812390205
1.793	0.0138120051453849	-28.8336475142212	-288.451060646927
1.794	-0.0150653611030814	-28.8205370948152	314.626250386595
1.795	-0.0436286482768543	-28.2065829544408	911.144307983073
1.796	-0.0712823757402982	-27.0045846633834	1488.66704517498
1.797	-0.0974500251428661	-25.2396011968945	2035.15440492881
1.798	-0.121586059536918	-22.94842851162	2539.2133483981
1.799	-0.143187296602604	-20.1788324322243	2990.33537429487
1.800	-0.161803398873504	-16.9885528408077	3379.11559763175
1.801	-0.177046262265314	-13.4440999295408	3697.44882053335
1.802	-0.188598107177726	-9.61936761195619	3938.69850747888
1.803	-0.196218103488174	-5.59409300016112	4097.83514222077
1.804	-0.199747391321075	-1.45219406444722	4171.54108194589
1.805	-0.199112392920856	2.71997986865413	4158.27972270627
1.806	-0.194326346583539	6.83544830664743	4058.32753417369
1.807	-0.185489030667888	10.8084129397484	3873.76829586547
1.808	-0.172784683439856	14.5560463436943	3608.44965500345
1.809	-0.156478162116913	18.0002187462383	3267.90291167731
1.810	-0.136909421187607	21.0691268581082	2859.22770361244
1.811	-0.114486425121022	23.6987908109488	2390.94399460663
1.812	-0.0896766432203025	25.8343879944418	1872.81445234587
1.813	-0.0629973039335014	27.4313959850805	1315.64091862412
1.814	-0.0350046117975893	28.4565207390949	731.039215107909
1.815	-0.00628215181820069	28.8883906987783	131.196979441504
1.816	0.022571276972134	28.7180023416532	-471.380419731677
1.817	0.0509541451341803	27.9489078837718	-1064.13059172823
1.818	0.0782747333650628	26.5971412239588	-1634.69602156585
1.819	0.103963468521923	24.6908836728925	-2171.18169650424
1.820	0.127484797947734	22.2698764358218	-2662.40309044994
1.821	0.148348354546002	19.3845920973498	-3098.11933630208
1.822	0.166119179837712	16.0951823809604	-3469.24672512134
1.823	0.180426791872515	12.4702241201554	-3768.048081139
1.824	0.190972908948553	8.58528958489677	-3988.29406456206
1.825	0.197537668118619	4.52137096884841	-4125.39303937166
1.826	0.19998420884073	0.363191883334676	-4176.48679866154
1.827	0.198261526214246	-3.80255894041177	-4140.51015185776
1.828	0.192405534317932	-7.88903491735568	-4018.21313155902
1.829	0.182538317481772	-11.8110421656635	-3812.14535703502
1.830	0.16886558510181	-15.4868156085434	-3526.60288036865
1.831	0.151672383059457	-18.8397235931712	-3167.53862338127
1.832	0.131317151152575	-21.799865489211	-2742.43827253061
1.833	0.108224250427589	-24.3055289605755	-2260.16421909513
1.834	0.0828751162010553	-26.3044765295703	-1730.77079814291
1.835	0.055798221210379	-27.7550346114381	-1165.29467813901
1.836	0.0275580581395541	-28.6269623153678	-575.524771099594
1.837	-0.00125662879045759	-28.9020818994145	26.2435398504087
1.838	-0.0300451178215248	-28.5746577357494	627.464731706717
1.839	-0.0582072333631102	-27.6515158856698	1215.60468767437
1.840	-0.0851558583106061	-26.1519017914921	1778.40200546126
1.841	-0.110329174123464	-24.1070790521352	2304.12362008469
1.842	-0.133202373484861	-21.5596776470264	2781.80941202695
1.843	-0.153298601360156	-18.5628051964023	3201.50070120721
1.844	-0.170198896357535	-15.1789397862395	3554.44786318166
1.845	-0.183550925135734	-11.4786274399383	3833.29273923839
1.846	-0.193076327765957	-7.5390113915605	4032.22203754486
1.847	-0.198576520913644	-3.44222382198499	4147.08852727705
1.848	-0.199936837856727	0.726326413317513	4175.49749910397
1.849	-0.197128919030253	4.87973436784365	4116.85668951973
1.850	-0.190211303259861	8.93141077776786	3972.38862821263
1.851	-0.179328207358238	12.7968872543752	3745.10515105621
1.852	-0.164706519527213	16.3955772609929	3439.74461006938
1.853	-0.146651069246352	19.6524561619901	3062.67308937767
1.854	-0.125538272260248	22.4996253185903	2621.75168660077
1.855	-0.101808283152408	24.8777276235791	2126.17262655504
1.856	-0.0759558191068702	26.7371849642005	1586.26762393031
1.857	-0.0485198461617162	28.0392318148903	1013.29249015298
1.858	-0.0200723429729476	28.7567234117579	419.19247489929
1.859	0.00879362366085479	28.8747016601845	-183.646765636417
1.860	0.0374762629144698	28.3907069776321	-782.657381964123
1.861	0.0653776059284124	27.3148295704362	-1365.35134284312
1.862	0.0919159721218744	25.6694990755784	-1919.58078279511
1.863	0.116538095931496	23.4890169529343	-2433.79125792214
1.864	0.138730661160592	20.8188413765749	-2897.2626302122
1.865	0.158031002473461	17.7146395335363	-3300.33255843367
1.866	0.174036750932556	14.241127087509	-3634.5979363333
1.867	0.186414222490649	10.4707190020322	-3893.09007860217
1.868	0.1949053745567	6.48201985051119	-4070.42000237397
1.869	0.199333185606581	2.35818508671782	-4162.89077546147
1.870	0.199605345685828	-1.81481256039103	-4168.57458912198
1.871	0.195716180865663	-5.94997542572402	-4087.35294855649
1.872	0.187746771531728	-9.96109461474725	-3920.9191432613
1.873	0.175863262039429	-13.7645472660667	-3672.74294573022
1.874	0.160313396975831	-17.2810399010069	-3347.99827446067
1.875	0.14142135623927	-20.4372615152452	-2953.45532932811
1.876	0.119580996613728	-23.1674119492405	-2497.339448065
1.877	0.09524764073603	-25.4145736743511	-1989.1596263708
1.878	0.068928584637513	-27.1318983959706	-1439.51027662523
1.879	0.0411725217566991	-28.2835837356611	-859.850358092057
1.880	0.0125581039086421	-28.8456196306467	-262.264483254447
1.881	-0.0163181223108534	-28.8062888899065	340.789019319525
1.882	-0.0448541521871574	-28.1664114713942	936.737833255687
1.883	-0.0724550733383064	-26.9393273877484	1513.15775904332
1.884	-0.0985454683072262	-25.1506185968743	2058.03173079946
1.885	-0.122581410728385	-22.8375756753527	2560.00034520795
1.886	-0.144061804975631	-20.0484203933466	3008.59867966503
1.887	-0.162538832884979	-16.8413003985708	3394.47446250422
1.888	-0.177627289761415	-13.2830769679313	3709.58304693647
1.889	-0.18901261503504	-9.44793109948075	3947.35512393897
1.890	-0.196457450145209	-5.4158170045676	4102.83367765117
1.891	-0.199806586935501	-1.27079524140375	4172.77732806562
1.892	-0.198990203396544	2.90071975951352	4155.72790654947
1.893	-0.194025319298707	7.01176124295056	4052.04085539828
1.894	-0.185015441367967	10.9766231912215	3863.87781765935
1.895	-0.172148405402231	14.7126471029152	3595.16157171017
1.896	-0.155692460315185	18.1419452377252	3251.49425010537
1.897	-0.135990675746566	21.1930244015848	2840.04054764607
1.898	-0.113453789827691	23.802276419818	2369.37835352212
1.899	-0.0885516462103303	25.9153042252771	1849.31992151306
1.900	-0.0618033988776966	27.4880559154952	1290.7073064488
1.901	-0.0337666889453548	28.4877431362998	705.186331622312
1.902	-0.00502601909151806	28.8935246456427	104.963799428102
1.903	0.023819432016129	28.6969408068707	-497.44699315838
1.904	0.0521683012552108	27.9020899532237	-1089.4871288288
1.905	0.0794295781243219	26.5255429467557	-1658.81389526952
1.906	0.105034925989814	24.5959977129333	-2193.55810310112
1.907	0.128450530633113	22.1536809530928	-2682.57153192289
1.908	0.14918822908292	19.2495095077128	-3115.65934576734
1.909	0.166815686721045	15.9440288542019	-3483.79263262215
1.910	0.180965410491976	12.3061508691468	-3779.29663704615
1.911	0.191342410310926	8.41171716985595	-3996.01076165022
1.912	0.197730348947149	4.34191798631192	-4129.41700177037
1.913	0.199996052171209	0.181599526515251	-4176.73413575723
1.914	0.198092285139729	-3.98250487713384	-4136.97570722531
1.915	0.192058737136196	-8.06358296377573	-4010.97059046176
1.916	0.1820211941382	-11.9765533855135	-3801.34571025176
1.917	0.168188916461203	-15.6398394631721	-3512.4712763738
1.918	0.150850276149127	-18.9770698775553	-3150.36967450282
1.919	0.130366745062379	-21.918670840593	-2722.58991294221
1.920	0.107165358998264	-24.4033165531701	-2238.05024268956
1.921	0.0817298149499366	-26.3792077108439	-1706.85223185452
1.922	0.0545903871062784	-27.8051514034501	-1140.07017056418
1.923	0.026312871821358	-28.6514198951266	-549.520196788621
1.924	-0.00251320797374135	-28.9003703810983	52.4860437004858
1.925	-0.0312868930051504	-28.5468128006861	653.398067600493
1.926	-0.059408316312605	-27.5981180384606	1240.68820357665
1.927	-0.0862912091335423	-26.0740642577893	1802.11276618247
1.928	-0.111375123295196	-24.006424570378	2325.96730930963
1.929	-0.134137115305162	-21.4383046379747	2801.33063770408
1.930	-0.154102648553281	-18.4232440157586	3218.29248945417
1.931	-0.170855486338327	-15.0240999723931	3568.16014278017
1.932	-0.18404636947202	-11.3117370565994	3843.63963983601
1.933	-0.193400297551735	-7.36354972985374	4038.98784941227
1.934	-0.198722262103668	-3.26184886501317	4150.13219837332
1.935	-0.199901312073239	0.90785425123733	4174.75557569606
1.936	-0.196912866906359	5.05863063740588	4112.34463905086
1.937	-0.189819228998996	9.10394589197827	3964.20051684077
1.938	-0.178768284831587	12.9594642421006	3733.41168258494
1.939	-0.163990421866795	16.5448067557572	3424.78956715564
1.940	-0.145793725486323	19.7852270626858	3044.76825120853
1.941	-0.124557556099957	22.6131696489724	2601.27032899541
1.942	-0.100724640329732	24.9696782383809	2103.54173999852
1.943	-0.0747918411503317	26.8056248988159	1561.9590117774
1.944	-0.0472997994076511	28.0827342497968	987.812932583703
1.945	-0.0188216626666831	28.7743814185115	393.073163685975
1.946	0.0100488636329617	28.866147108849	-209.861301289239
1.947	0.0387098936072303	28.3561182114645	-808.420627635389
1.948	0.0665639089017674	27.254927687829	-1390.12619249826
1.949	0.0930302156128329	25.5855328967711	-1942.85073624523
1.950	0.117557050456063	23.3827369849055	-2455.07118869747
1.951	0.139633083796541	20.6924633188879	-2916.10889936365
1.952	0.158798079727737	17.5707980859602	-3316.3522634124
1.953	0.17465249096051	14.0828210224243	-3647.45710212977
1.954	0.186865788490243	10.3012486467315	-3902.52062037825
1.955	0.195183352387089	6.30491828276244	-4076.22531443169
1.956	0.199431780051894	2.17714447799444	-4164.94983003213
1.957	0.199522501272455	-1.99601791842057	-4166.84445952425
1.958	0.195453624714283	-6.12756780673839	-4081.86970412182
1.959	0.187309977350704	-10.1313716149129	-3911.79709736902
1.960	0.175261336010238	-13.9239589908748	-3660.17227262928
1.961	0.15955888790955	-17.4262629726319	-3332.24104456206
1.962	0.140529993961938	-20.5652683575377	-2934.84004562306
1.963	0.118571364034668	-23.2755339059162	-2476.25419757254
1.964	0.0941407864357597	-25.5005566445043	-1966.04398939167
1.965	0.0677475840519327	-27.1939498270351	-1414.84616247602
1.966	0.0399419961058773	-28.3204099941211	-834.151958374086
1.967	0.0113037068994601	-28.8564529714012	-236.06755210924
1.968	-0.0175702393070979	-28.7909034620372	366.938334485503
1.969	-0.0460778853323355	-28.1251280266517	962.294377722612
1.970	-0.0736249105340729	-26.8730065935968	1537.58873603407
1.971	-0.0996370210652263	-25.0606430934979	2080.82780910113
1.972	-0.123571922615642	-22.7258212507033	2580.68627758744
1.973	-0.144930626035282	-19.9172168771594	3026.74321071109
1.974	-0.163267850141653	-16.69338309063	3409.69931933738
1.975	-0.17820130483627	-13.1215296131862	3721.5708253529
1.976	-0.189419660997956	-9.27612159886312	3955.8559055778
1.977	-0.196689040998505	-5.2373272017922	4107.67024023322
1.978	-0.199857894528001	-1.08934624954011	4173.84884008144
1.979	-0.19886015807973	3.08134513492368	4153.01202937073
1.980	-0.193716632226498	7.187797366926	4045.59420898818
1.981	-0.184534547975221	11.1444001044063	3853.83480017306
1.982	-0.17150533124033	14.8686670320208	3581.731557594
1.983	-0.154900612041715	18.2829555162784	3234.95722510794
1.984	-0.135066561626502	21.3160852807467	2820.74127174185
1.985	-0.112416675573004	23.9048223555705	2347.71917343728
1.986	-0.0874231533329919	25.9951973642761	1825.75238269633
1.987	-0.0606070539295404	27.5436306645295	1265.72273935931
1.988	-0.0325274330420705	28.5178408861848	679.305608588062
1.989	-0.00376968794621907	28.8975179256281	78.7264756238639
1.990	0.0250666467097451	28.6747463660024	-523.493928229803
1.991	0.0533803978610461	27.8541704959404	-1114.80065484327
1.992	0.0805812871398536	26.4528974865359	-1682.8662818412
1.993	0.106102236858678	24.5001407450999	-2215.84791178011
1.994	0.129411192311487	22.0366108809733	-2702.63407006511
1.995	0.150022213924007	19.1136669804012	-3133.07635433654
1.996	0.167505608006704	15.792245884485	-3498.20100595509
1.997	0.181496884906897	12.1415917923735	-3790.39599279332
1.998	0.191704357802574	8.23781267462457	-4003.56970307584
1.999	0.197915223720075	4.16229359228797	-4133.27794185662
2.000	0.2	4.57469680859311E-10	-4176.81658254102
2.001	0.197915223720986	-4.16229359138257	-4133.27794187566
2.002	0.191704357804379	-8.23781267374758	-4003.56970311353
2.003	0.181496884909556	-12.1415917915432	-3790.39599284887
2.004	0.167505608010163	-15.7922458837187	-3498.20100602733
2.005	0.150022213928194	-19.1136669797149	-3133.07635442398
2.006	0.129411192316314	-22.0366108803813	-2702.63407016592
2.007	0.106102236864045	-24.5001407446145	-2215.84791189219
2.008	0.0805812871456482	-26.4528974861673	-1682.86628196221
2.009	0.0533803978671476	-27.8541704956962	-1114.8006549707

